# Made in Blockbench 5.1.6
mtllib nag_megaphone.mtl
o beveled_cuboid

v 0.712707 0.499293 0.546875
v 0.712707 0.499293 0.453125
v 0.620381 0.483014 0.546875
v 0.620381 0.483014 0.453125
v 0.761545 0.222316 0.546875
v 0.761545 0.222316 0.453125
v 0.669219 0.206037 0.546875
v 0.669219 0.206037 0.453125
v 0.641622 0.272568 0.546875
v 0.617203 0.411056 0.546875
v 0.641622 0.272568 0.453125
v 0.617203 0.411056 0.453125
v 0.764723 0.294274 0.546875
v 0.740304 0.432762 0.546875
v 0.764723 0.294274 0.453125
v 0.740304 0.432762 0.453125
v 0.749335 0.291561 0.4375
v 0.724916 0.430049 0.4375
v 0.65701 0.275281 0.4375
v 0.63259 0.41377 0.4375
v 0.749335 0.291561 0.5625
v 0.724916 0.430049 0.5625
v 0.65701 0.275281 0.5625
v 0.63259 0.41377 0.5625
v 0.796875 0.543963 0.5
v 0.421875 0.543963 0.5
v 0.796875 0.577457 0.625
v 0.421875 0.577457 0.625
v 0.796875 0.63547 0.591506
v 0.421875 0.63547 0.591506
v 0.796875 0.668963 0.533494
v 0.421875 0.668963 0.533494
v 0.796875 0.668963 0.466506
v 0.421875 0.668963 0.466506
v 0.796875 0.63547 0.408494
v 0.421875 0.63547 0.408494
v 0.796875 0.577457 0.375
v 0.421875 0.577457 0.375
v 0.796875 0.51047 0.375
v 0.421875 0.51047 0.375
v 0.796875 0.452457 0.408494
v 0.421875 0.452457 0.408494
v 0.796875 0.418963 0.466506
v 0.421875 0.418963 0.466506
v 0.796875 0.418963 0.533494
v 0.421875 0.418963 0.533494
v 0.796875 0.452457 0.591506
v 0.421875 0.452457 0.591506
v 0.796875 0.51047 0.625
v 0.421875 0.51047 0.625
v 0.359375 0.580806 0.6375
v 0.368528 0.587319 0.661807
v 0.390625 0.590017 0.671875
v 0.412722 0.587319 0.661807
v 0.421875 0.580806 0.6375
v 0.412722 0.574293 0.613193
v 0.390625 0.571595 0.603125
v 0.368528 0.574293 0.613193
v 0.359375 0.64462 0.600657
v 0.368528 0.662414 0.618451
v 0.390625 0.669784 0.625821
v 0.412722 0.662414 0.618451
v 0.421875 0.64462 0.600657
v 0.412722 0.626826 0.582863
v 0.390625 0.619456 0.575493
v 0.368528 0.626826 0.582863
v 0.359375 0.681463 0.536843
v 0.368528 0.70577 0.543356
v 0.390625 0.715838 0.546054
v 0.412722 0.70577 0.543356
v 0.421875 0.681463 0.536843
v 0.412722 0.657156 0.53033
v 0.390625 0.647088 0.527632
v 0.368528 0.657156 0.53033
v 0.359375 0.681463 0.463157
v 0.368528 0.70577 0.456644
v 0.390625 0.715838 0.453946
v 0.412722 0.70577 0.456644
v 0.421875 0.681463 0.463157
v 0.412722 0.657156 0.46967
v 0.390625 0.647088 0.472368
v 0.368528 0.657156 0.46967
v 0.359375 0.64462 0.399343
v 0.368528 0.662414 0.381549
v 0.390625 0.669784 0.374179
v 0.412722 0.662414 0.381549
v 0.421875 0.64462 0.399343
v 0.412722 0.626826 0.417137
v 0.390625 0.619456 0.424507
v 0.368528 0.626826 0.417137
v 0.359375 0.580806 0.3625
v 0.368528 0.587319 0.338193
v 0.390625 0.590017 0.328125
v 0.412722 0.587319 0.338193
v 0.421875 0.580806 0.3625
v 0.412722 0.574293 0.386807
v 0.390625 0.571595 0.396875
v 0.368528 0.574293 0.386807
v 0.359375 0.50712 0.3625
v 0.368528 0.500607 0.338193
v 0.390625 0.497909 0.328125
v 0.412722 0.500607 0.338193
v 0.421875 0.50712 0.3625
v 0.412722 0.513633 0.386807
v 0.390625 0.516331 0.396875
v 0.368528 0.513633 0.386807
v 0.359375 0.443306 0.399343
v 0.368528 0.425512 0.381549
v 0.390625 0.418142 0.374179
v 0.412722 0.425512 0.381549
v 0.421875 0.443306 0.399343
v 0.412722 0.4611 0.417137
v 0.390625 0.46847 0.424507
v 0.368528 0.4611 0.417137
v 0.359375 0.406463 0.463157
v 0.368528 0.382156 0.456644
v 0.390625 0.372088 0.453946
v 0.412722 0.382156 0.456644
v 0.421875 0.406463 0.463157
v 0.412722 0.43077 0.46967
v 0.390625 0.440838 0.472368
v 0.368528 0.43077 0.46967
v 0.359375 0.406463 0.536843
v 0.368528 0.382156 0.543356
v 0.390625 0.372088 0.546054
v 0.412722 0.382156 0.543356
v 0.421875 0.406463 0.536843
v 0.412722 0.43077 0.53033
v 0.390625 0.440838 0.527632
v 0.368528 0.43077 0.53033
v 0.359375 0.443306 0.600657
v 0.368528 0.425512 0.618451
v 0.390625 0.418142 0.625821
v 0.412722 0.425512 0.618451
v 0.421875 0.443306 0.600657
v 0.412722 0.4611 0.582863
v 0.390625 0.46847 0.575493
v 0.368528 0.4611 0.582863
v 0.359375 0.50712 0.6375
v 0.368528 0.500607 0.661807
v 0.390625 0.497909 0.671875
v 0.412722 0.500607 0.661807
v 0.421875 0.50712 0.6375
v 0.412722 0.513633 0.613193
v 0.390625 0.516331 0.603125
v 0.368528 0.513633 0.613193
v 0.484375 0.543963 0.5
v 0.359375 0.543963 0.5
v 0.484375 0.56071 0.5625
v 0.359375 0.56071 0.5625
v 0.484375 0.589716 0.545753
v 0.359375 0.589716 0.545753
v 0.484375 0.606463 0.516747
v 0.359375 0.606463 0.516747
v 0.484375 0.606463 0.483253
v 0.359375 0.606463 0.483253
v 0.484375 0.589716 0.454247
v 0.359375 0.589716 0.454247
v 0.484375 0.56071 0.4375
v 0.359375 0.56071 0.4375
v 0.484375 0.527216 0.4375
v 0.359375 0.527216 0.4375
v 0.484375 0.49821 0.454247
v 0.359375 0.49821 0.454247
v 0.484375 0.481463 0.483253
v 0.359375 0.481463 0.483253
v 0.484375 0.481463 0.516747
v 0.359375 0.481463 0.516747
v 0.484375 0.49821 0.545753
v 0.359375 0.49821 0.545753
v 0.484375 0.527216 0.5625
v 0.359375 0.527216 0.5625
v 0.234375 0.594204 0.6875
v 0.243528 0.603085 0.720646
v 0.265625 0.606764 0.734375
v 0.287722 0.603085 0.720646
v 0.296875 0.594204 0.6875
v 0.287722 0.585322 0.654354
v 0.265625 0.581644 0.640625
v 0.243528 0.585322 0.654354
v 0.234375 0.681223 0.63726
v 0.243528 0.705487 0.661524
v 0.265625 0.715538 0.671574
v 0.287722 0.705487 0.661524
v 0.296875 0.681223 0.63726
v 0.287722 0.656958 0.612995
v 0.265625 0.646908 0.602945
v 0.243528 0.656958 0.612995
v 0.234375 0.731463 0.55024
v 0.243528 0.764609 0.559122
v 0.265625 0.778338 0.562801
v 0.287722 0.764609 0.559122
v 0.296875 0.731463 0.55024
v 0.287722 0.698318 0.541359
v 0.265625 0.684588 0.53768
v 0.243528 0.698318 0.541359
v 0.234375 0.731463 0.44976
v 0.243528 0.764609 0.440878
v 0.265625 0.778338 0.437199
v 0.287722 0.764609 0.440878
v 0.296875 0.731463 0.44976
v 0.287722 0.698318 0.458641
v 0.265625 0.684588 0.46232
v 0.243528 0.698318 0.458641
v 0.234375 0.681223 0.36274
v 0.243528 0.705487 0.338476
v 0.265625 0.715538 0.328426
v 0.287722 0.705487 0.338476
v 0.296875 0.681223 0.36274
v 0.287722 0.656958 0.387005
v 0.265625 0.646908 0.397055
v 0.243528 0.656958 0.387005
v 0.234375 0.594204 0.3125
v 0.243528 0.603085 0.279354
v 0.265625 0.606764 0.265625
v 0.287722 0.603085 0.279354
v 0.296875 0.594204 0.3125
v 0.287722 0.585322 0.345646
v 0.265625 0.581644 0.359375
v 0.243528 0.585322 0.345646
v 0.234375 0.493723 0.3125
v 0.243528 0.484841 0.279354
v 0.265625 0.481163 0.265625
v 0.287722 0.484841 0.279354
v 0.296875 0.493723 0.3125
v 0.287722 0.502604 0.345646
v 0.265625 0.506283 0.359375
v 0.243528 0.502604 0.345646
v 0.234375 0.406704 0.36274
v 0.243528 0.382439 0.338476
v 0.265625 0.372389 0.328426
v 0.287722 0.382439 0.338476
v 0.296875 0.406704 0.36274
v 0.287722 0.430968 0.387005
v 0.265625 0.441019 0.397055
v 0.243528 0.430968 0.387005
v 0.234375 0.356463 0.44976
v 0.243528 0.323318 0.440878
v 0.265625 0.309588 0.437199
v 0.287722 0.323318 0.440878
v 0.296875 0.356463 0.44976
v 0.287722 0.389609 0.458641
v 0.265625 0.403338 0.46232
v 0.243528 0.389609 0.458641
v 0.234375 0.356463 0.55024
v 0.243528 0.323318 0.559122
v 0.265625 0.309588 0.562801
v 0.287722 0.323318 0.559122
v 0.296875 0.356463 0.55024
v 0.287722 0.389609 0.541359
v 0.265625 0.403338 0.53768
v 0.243528 0.389609 0.541359
v 0.234375 0.406704 0.63726
v 0.243528 0.382439 0.661524
v 0.265625 0.372389 0.671574
v 0.287722 0.382439 0.661524
v 0.296875 0.406704 0.63726
v 0.287722 0.430968 0.612995
v 0.265625 0.441019 0.602945
v 0.243528 0.430968 0.612995
v 0.234375 0.493723 0.6875
v 0.243528 0.484841 0.720646
v 0.265625 0.481163 0.734375
v 0.287722 0.484841 0.720646
v 0.296875 0.493723 0.6875
v 0.287722 0.502604 0.654354
v 0.265625 0.506283 0.640625
v 0.243528 0.502604 0.654354
v 0.203125 0.597553 0.7
v 0.212278 0.607026 0.735355
v 0.234375 0.610951 0.75
v 0.256472 0.607026 0.735355
v 0.265625 0.597553 0.7
v 0.256472 0.58808 0.664645
v 0.234375 0.584156 0.65
v 0.212278 0.58808 0.664645
v 0.203125 0.690373 0.64641
v 0.212278 0.716255 0.672292
v 0.234375 0.726976 0.683013
v 0.256472 0.716255 0.672292
v 0.265625 0.690373 0.64641
v 0.256472 0.664491 0.620528
v 0.234375 0.653771 0.609808
v 0.212278 0.664491 0.620528
v 0.203125 0.743963 0.55359
v 0.212278 0.779319 0.563063
v 0.234375 0.793963 0.566987
v 0.256472 0.779319 0.563063
v 0.265625 0.743963 0.55359
v 0.256472 0.708608 0.544116
v 0.234375 0.693963 0.540192
v 0.212278 0.708608 0.544116
v 0.203125 0.743963 0.44641
v 0.212278 0.779319 0.436937
v 0.234375 0.793963 0.433013
v 0.256472 0.779319 0.436937
v 0.265625 0.743963 0.44641
v 0.256472 0.708608 0.455884
v 0.234375 0.693963 0.459808
v 0.212278 0.708608 0.455884
v 0.203125 0.690373 0.35359
v 0.212278 0.716255 0.327708
v 0.234375 0.726976 0.316987
v 0.256472 0.716255 0.327708
v 0.265625 0.690373 0.35359
v 0.256472 0.664491 0.379472
v 0.234375 0.653771 0.390192
v 0.212278 0.664491 0.379472
v 0.203125 0.597553 0.3
v 0.212278 0.607026 0.264645
v 0.234375 0.610951 0.25
v 0.256472 0.607026 0.264645
v 0.265625 0.597553 0.3
v 0.256472 0.58808 0.335355
v 0.234375 0.584156 0.35
v 0.212278 0.58808 0.335355
v 0.203125 0.490373 0.3
v 0.212278 0.4809 0.264645
v 0.234375 0.476976 0.25
v 0.256472 0.4809 0.264645
v 0.265625 0.490373 0.3
v 0.256472 0.499847 0.335355
v 0.234375 0.503771 0.35
v 0.212278 0.499847 0.335355
v 0.203125 0.397553 0.35359
v 0.212278 0.371671 0.327708
v 0.234375 0.360951 0.316987
v 0.256472 0.371671 0.327708
v 0.265625 0.397553 0.35359
v 0.256472 0.423435 0.379472
v 0.234375 0.434156 0.390192
v 0.212278 0.423435 0.379472
v 0.203125 0.343963 0.44641
v 0.212278 0.308608 0.436937
v 0.234375 0.293963 0.433013
v 0.256472 0.308608 0.436937
v 0.265625 0.343963 0.44641
v 0.256472 0.379319 0.455884
v 0.234375 0.393963 0.459808
v 0.212278 0.379319 0.455884
v 0.203125 0.343963 0.55359
v 0.212278 0.308608 0.563063
v 0.234375 0.293963 0.566987
v 0.256472 0.308608 0.563063
v 0.265625 0.343963 0.55359
v 0.256472 0.379319 0.544116
v 0.234375 0.393963 0.540192
v 0.212278 0.379319 0.544116
v 0.203125 0.397553 0.64641
v 0.212278 0.371671 0.672292
v 0.234375 0.360951 0.683013
v 0.256472 0.371671 0.672292
v 0.265625 0.397553 0.64641
v 0.256472 0.423435 0.620528
v 0.234375 0.434156 0.609808
v 0.212278 0.423435 0.620528
v 0.203125 0.490373 0.7
v 0.212278 0.4809 0.735355
v 0.234375 0.476976 0.75
v 0.256472 0.4809 0.735355
v 0.265625 0.490373 0.7
v 0.256472 0.499847 0.664645
v 0.234375 0.503771 0.65
v 0.212278 0.499847 0.664645
v 0.265625 0.590854 0.675
v 0.274778 0.599144 0.705936
v 0.296875 0.602577 0.71875
v 0.318972 0.599144 0.705936
v 0.328125 0.590854 0.675
v 0.318972 0.582565 0.644064
v 0.296875 0.579132 0.63125
v 0.274778 0.582565 0.644064
v 0.265625 0.672072 0.628109
v 0.274778 0.694719 0.650756
v 0.296875 0.704099 0.660136
v 0.318972 0.694719 0.650756
v 0.328125 0.672072 0.628109
v 0.318972 0.649425 0.605462
v 0.296875 0.640045 0.596082
v 0.274778 0.649425 0.605462
v 0.265625 0.718963 0.546891
v 0.274778 0.749899 0.55518
v 0.296875 0.762713 0.558614
v 0.318972 0.749899 0.55518
v 0.328125 0.718963 0.546891
v 0.318972 0.688027 0.538602
v 0.296875 0.675213 0.535168
v 0.274778 0.688027 0.538602
v 0.265625 0.718963 0.453109
v 0.274778 0.749899 0.44482
v 0.296875 0.762713 0.441386
v 0.318972 0.749899 0.44482
v 0.328125 0.718963 0.453109
v 0.318972 0.688027 0.461398
v 0.296875 0.675213 0.464832
v 0.274778 0.688027 0.461398
v 0.265625 0.672072 0.371891
v 0.274778 0.694719 0.349244
v 0.296875 0.704099 0.339864
v 0.318972 0.694719 0.349244
v 0.328125 0.672072 0.371891
v 0.318972 0.649425 0.394538
v 0.296875 0.640045 0.403918
v 0.274778 0.649425 0.394538
v 0.265625 0.590854 0.325
v 0.274778 0.599144 0.294064
v 0.296875 0.602577 0.28125
v 0.318972 0.599144 0.294064
v 0.328125 0.590854 0.325
v 0.318972 0.582565 0.355936
v 0.296875 0.579132 0.36875
v 0.274778 0.582565 0.355936
v 0.265625 0.497072 0.325
v 0.274778 0.488783 0.294064
v 0.296875 0.485349 0.28125
v 0.318972 0.488783 0.294064
v 0.328125 0.497072 0.325
v 0.318972 0.505361 0.355936
v 0.296875 0.508795 0.36875
v 0.274778 0.505361 0.355936
v 0.265625 0.415854 0.371891
v 0.274778 0.393208 0.349244
v 0.296875 0.383827 0.339864
v 0.318972 0.393208 0.349244
v 0.328125 0.415854 0.371891
v 0.318972 0.438501 0.394538
v 0.296875 0.447882 0.403918
v 0.274778 0.438501 0.394538
v 0.265625 0.368963 0.453109
v 0.274778 0.338027 0.44482
v 0.296875 0.325213 0.441386
v 0.318972 0.338027 0.44482
v 0.328125 0.368963 0.453109
v 0.318972 0.399899 0.461398
v 0.296875 0.412713 0.464832
v 0.274778 0.399899 0.461398
v 0.265625 0.368963 0.546891
v 0.274778 0.338027 0.55518
v 0.296875 0.325213 0.558614
v 0.318972 0.338027 0.55518
v 0.328125 0.368963 0.546891
v 0.318972 0.399899 0.538602
v 0.296875 0.412713 0.535168
v 0.274778 0.399899 0.538602
v 0.265625 0.415854 0.628109
v 0.274778 0.393208 0.650756
v 0.296875 0.383827 0.660136
v 0.318972 0.393208 0.650756
v 0.328125 0.415854 0.628109
v 0.318972 0.438501 0.605462
v 0.296875 0.447882 0.596082
v 0.274778 0.438501 0.605462
v 0.265625 0.497072 0.675
v 0.274778 0.488783 0.705936
v 0.296875 0.485349 0.71875
v 0.318972 0.488783 0.705936
v 0.328125 0.497072 0.675
v 0.318972 0.505361 0.644064
v 0.296875 0.508795 0.63125
v 0.274778 0.505361 0.644064
v 0.328125 0.584156 0.65
v 0.337278 0.591261 0.676517
v 0.359375 0.594204 0.6875
v 0.381472 0.591261 0.676517
v 0.390625 0.584156 0.65
v 0.381472 0.577051 0.623483
v 0.359375 0.574107 0.6125
v 0.337278 0.577051 0.623483
v 0.328125 0.653771 0.609808
v 0.337278 0.673182 0.629219
v 0.359375 0.681223 0.63726
v 0.381472 0.673182 0.629219
v 0.390625 0.653771 0.609808
v 0.381472 0.634359 0.590396
v 0.359375 0.626319 0.582356
v 0.337278 0.634359 0.590396
v 0.328125 0.693963 0.540192
v 0.337278 0.72048 0.547297
v 0.359375 0.731463 0.55024
v 0.381472 0.72048 0.547297
v 0.390625 0.693963 0.540192
v 0.381472 0.667447 0.533087
v 0.359375 0.656463 0.530144
v 0.337278 0.667447 0.533087
v 0.328125 0.693963 0.459808
v 0.337278 0.72048 0.452703
v 0.359375 0.731463 0.44976
v 0.381472 0.72048 0.452703
v 0.390625 0.693963 0.459808
v 0.381472 0.667447 0.466913
v 0.359375 0.656463 0.469856
v 0.337278 0.667447 0.466913
v 0.328125 0.653771 0.390192
v 0.337278 0.673182 0.370781
v 0.359375 0.681223 0.36274
v 0.381472 0.673182 0.370781
v 0.390625 0.653771 0.390192
v 0.381472 0.634359 0.409604
v 0.359375 0.626319 0.417644
v 0.337278 0.634359 0.409604
v 0.328125 0.584156 0.35
v 0.337278 0.591261 0.323483
v 0.359375 0.594204 0.3125
v 0.381472 0.591261 0.323483
v 0.390625 0.584156 0.35
v 0.381472 0.577051 0.376517
v 0.359375 0.574107 0.3875
v 0.337278 0.577051 0.376517
v 0.328125 0.503771 0.35
v 0.337278 0.496666 0.323483
v 0.359375 0.493723 0.3125
v 0.381472 0.496666 0.323483
v 0.390625 0.503771 0.35
v 0.381472 0.510876 0.376517
v 0.359375 0.513819 0.3875
v 0.337278 0.510876 0.376517
v 0.328125 0.434156 0.390192
v 0.337278 0.414744 0.370781
v 0.359375 0.406704 0.36274
v 0.381472 0.414744 0.370781
v 0.390625 0.434156 0.390192
v 0.381472 0.453567 0.409604
v 0.359375 0.461607 0.417644
v 0.337278 0.453567 0.409604
v 0.328125 0.393963 0.459808
v 0.337278 0.367447 0.452703
v 0.359375 0.356463 0.44976
v 0.381472 0.367447 0.452703
v 0.390625 0.393963 0.459808
v 0.381472 0.42048 0.466913
v 0.359375 0.431463 0.469856
v 0.337278 0.42048 0.466913
v 0.328125 0.393963 0.540192
v 0.337278 0.367447 0.547297
v 0.359375 0.356463 0.55024
v 0.381472 0.367447 0.547297
v 0.390625 0.393963 0.540192
v 0.381472 0.42048 0.533087
v 0.359375 0.431463 0.530144
v 0.337278 0.42048 0.533087
v 0.328125 0.434156 0.609808
v 0.337278 0.414744 0.629219
v 0.359375 0.406704 0.63726
v 0.381472 0.414744 0.629219
v 0.390625 0.434156 0.609808
v 0.381472 0.453567 0.590396
v 0.359375 0.461607 0.582356
v 0.337278 0.453567 0.590396
v 0.328125 0.503771 0.65
v 0.337278 0.496666 0.676517
v 0.359375 0.493723 0.6875
v 0.381472 0.496666 0.676517
v 0.390625 0.503771 0.65
v 0.381472 0.510876 0.623483
v 0.359375 0.513819 0.6125
v 0.337278 0.510876 0.623483
v 0.296875 0.587505 0.6625
v 0.306028 0.595202 0.691226
v 0.328125 0.59839 0.703125
v 0.350222 0.595202 0.691226
v 0.359375 0.587505 0.6625
v 0.350222 0.579808 0.633774
v 0.328125 0.57662 0.621875
v 0.306028 0.579808 0.633774
v 0.296875 0.662921 0.618958
v 0.306028 0.683951 0.639987
v 0.328125 0.692661 0.648698
v 0.350222 0.683951 0.639987
v 0.359375 0.662921 0.618958
v 0.350222 0.641892 0.597929
v 0.328125 0.633182 0.589219
v 0.306028 0.641892 0.597929
v 0.296875 0.706463 0.543542
v 0.306028 0.735189 0.551239
v 0.328125 0.747088 0.554427
v 0.350222 0.735189 0.551239
v 0.359375 0.706463 0.543542
v 0.350222 0.677737 0.535845
v 0.328125 0.665838 0.532656
v 0.306028 0.677737 0.535845
v 0.296875 0.706463 0.456458
v 0.306028 0.735189 0.448761
v 0.328125 0.747088 0.445573
v 0.350222 0.735189 0.448761
v 0.359375 0.706463 0.456458
v 0.350222 0.677737 0.464155
v 0.328125 0.665838 0.467344
v 0.306028 0.677737 0.464155
v 0.296875 0.662921 0.381042
v 0.306028 0.683951 0.360013
v 0.328125 0.692661 0.351302
v 0.350222 0.683951 0.360013
v 0.359375 0.662921 0.381042
v 0.350222 0.641892 0.402071
v 0.328125 0.633182 0.410781
v 0.306028 0.641892 0.402071
v 0.296875 0.587505 0.3375
v 0.306028 0.595202 0.308774
v 0.328125 0.59839 0.296875
v 0.350222 0.595202 0.308774
v 0.359375 0.587505 0.3375
v 0.350222 0.579808 0.366226
v 0.328125 0.57662 0.378125
v 0.306028 0.579808 0.366226
v 0.296875 0.500421 0.3375
v 0.306028 0.492724 0.308774
v 0.328125 0.489536 0.296875
v 0.350222 0.492724 0.308774
v 0.359375 0.500421 0.3375
v 0.350222 0.508119 0.366226
v 0.328125 0.511307 0.378125
v 0.306028 0.508119 0.366226
v 0.296875 0.425005 0.381042
v 0.306028 0.403976 0.360013
v 0.328125 0.395265 0.351302
v 0.350222 0.403976 0.360013
v 0.359375 0.425005 0.381042
v 0.350222 0.446034 0.402071
v 0.328125 0.454745 0.410781
v 0.306028 0.446034 0.402071
v 0.296875 0.381463 0.456458
v 0.306028 0.352737 0.448761
v 0.328125 0.340838 0.445573
v 0.350222 0.352737 0.448761
v 0.359375 0.381463 0.456458
v 0.350222 0.410189 0.464155
v 0.328125 0.422088 0.467344
v 0.306028 0.410189 0.464155
v 0.296875 0.381463 0.543542
v 0.306028 0.352737 0.551239
v 0.328125 0.340838 0.554427
v 0.350222 0.352737 0.551239
v 0.359375 0.381463 0.543542
v 0.350222 0.410189 0.535845
v 0.328125 0.422088 0.532656
v 0.306028 0.410189 0.535845
v 0.296875 0.425005 0.618958
v 0.306028 0.403976 0.639987
v 0.328125 0.395265 0.648698
v 0.350222 0.403976 0.639987
v 0.359375 0.425005 0.618958
v 0.350222 0.446034 0.597929
v 0.328125 0.454745 0.589219
v 0.306028 0.446034 0.597929
v 0.296875 0.500421 0.6625
v 0.306028 0.492724 0.691226
v 0.328125 0.489536 0.703125
v 0.350222 0.492724 0.691226
v 0.359375 0.500421 0.6625
v 0.350222 0.508119 0.633774
v 0.328125 0.511307 0.621875
v 0.306028 0.508119 0.633774
v 0.390625 0.577457 0.625
v 0.399778 0.583378 0.647097
v 0.421875 0.58583 0.65625
v 0.443972 0.583378 0.647097
v 0.453125 0.577457 0.625
v 0.443972 0.571536 0.602903
v 0.421875 0.569083 0.59375
v 0.399778 0.571536 0.602903
v 0.390625 0.63547 0.591506
v 0.399778 0.651646 0.607683
v 0.421875 0.658346 0.614383
v 0.443972 0.651646 0.607683
v 0.453125 0.63547 0.591506
v 0.443972 0.619293 0.57533
v 0.421875 0.612593 0.56863
v 0.399778 0.619293 0.57533
v 0.390625 0.668963 0.533494
v 0.399778 0.69106 0.539415
v 0.421875 0.700213 0.541867
v 0.443972 0.69106 0.539415
v 0.453125 0.668963 0.533494
v 0.443972 0.646866 0.527573
v 0.421875 0.637713 0.52512
v 0.399778 0.646866 0.527573
v 0.390625 0.668963 0.466506
v 0.399778 0.69106 0.460585
v 0.421875 0.700213 0.458133
v 0.443972 0.69106 0.460585
v 0.453125 0.668963 0.466506
v 0.443972 0.646866 0.472427
v 0.421875 0.637713 0.47488
v 0.399778 0.646866 0.472427
v 0.390625 0.63547 0.408494
v 0.399778 0.651646 0.392317
v 0.421875 0.658346 0.385617
v 0.443972 0.651646 0.392317
v 0.453125 0.63547 0.408494
v 0.443972 0.619293 0.42467
v 0.421875 0.612593 0.43137
v 0.399778 0.619293 0.42467
v 0.390625 0.577457 0.375
v 0.399778 0.583378 0.352903
v 0.421875 0.58583 0.34375
v 0.443972 0.583378 0.352903
v 0.453125 0.577457 0.375
v 0.443972 0.571536 0.397097
v 0.421875 0.569083 0.40625
v 0.399778 0.571536 0.397097
v 0.390625 0.51047 0.375
v 0.399778 0.504549 0.352903
v 0.421875 0.502096 0.34375
v 0.443972 0.504549 0.352903
v 0.453125 0.51047 0.375
v 0.443972 0.51639 0.397097
v 0.421875 0.518843 0.40625
v 0.399778 0.51639 0.397097
v 0.390625 0.452457 0.408494
v 0.399778 0.436281 0.392317
v 0.421875 0.42958 0.385617
v 0.443972 0.436281 0.392317
v 0.453125 0.452457 0.408494
v 0.443972 0.468633 0.42467
v 0.421875 0.475333 0.43137
v 0.399778 0.468633 0.42467
v 0.390625 0.418963 0.466506
v 0.399778 0.396866 0.460585
v 0.421875 0.387713 0.458133
v 0.443972 0.396866 0.460585
v 0.453125 0.418963 0.466506
v 0.443972 0.44106 0.472427
v 0.421875 0.450213 0.47488
v 0.399778 0.44106 0.472427
v 0.390625 0.418963 0.533494
v 0.399778 0.396866 0.539415
v 0.421875 0.387713 0.541867
v 0.443972 0.396866 0.539415
v 0.453125 0.418963 0.533494
v 0.443972 0.44106 0.527573
v 0.421875 0.450213 0.52512
v 0.399778 0.44106 0.527573
v 0.390625 0.452457 0.591506
v 0.399778 0.436281 0.607683
v 0.421875 0.42958 0.614383
v 0.443972 0.436281 0.607683
v 0.453125 0.452457 0.591506
v 0.443972 0.468633 0.57533
v 0.421875 0.475333 0.56863
v 0.399778 0.468633 0.57533
v 0.390625 0.51047 0.625
v 0.399778 0.504549 0.647097
v 0.421875 0.502096 0.65625
v 0.443972 0.504549 0.647097
v 0.453125 0.51047 0.625
v 0.443972 0.51639 0.602903
v 0.421875 0.518843 0.59375
v 0.399778 0.51639 0.602903
vt 0.2006835938 0.9443359375
vt 0.1640625 0.9443359375
vt 0.1640625 0.9990234375
vt 0.2006835938 0.9990234375
vt 0.2392578125 0.9990234375
vt 0.2392578125 0.9443359375
vt 0.2026367188 0.9443359375
vt 0.2026367188 0.9990234375
vt 0.7944335938 0.7319335938
vt 0.7944335938 0.7685546875
vt 0.8310546875 0.7685546875
vt 0.8310546875 0.7319335938
vt 0.8330078125 0.7685546875
vt 0.8696289062 0.7685546875
vt 0.8696289062 0.7319335938
vt 0.8330078125 0.7319335938
vt 0.0463867188 0.9926545297
vt 0.0368884909 0.9384765625
vt 0.0009765625 0.9448450791
vt 0.0104751793 0.9990234375
vt 0.09375 0.9448450791
vt 0.0578380716 0.9384765625
vt 0.0483398438 0.9926545297
vt 0.0842513832 0.9990234375
vt 0.93359375 0.4931640625
vt 0.8969726562 0.4931640625
vt 0.8969726562 0.521484375
vt 0.93359375 0.521484375
vt 0.0375976562 0.5209960938
vt 0.0375976562 0.4926757812
vt 0.0009765625 0.4926757812
vt 0.0009765625 0.5209960938
vt 0.58984375 0.6853885488
vt 0.584845656 0.6577148438
vt 0.548828125 0.6642208262
vt 0.553826219 0.6918945312
vt 0.6328125 0.6642208262
vt 0.596794969 0.6577148438
vt 0.591796875 0.6853885488
vt 0.627814406 0.6918945312
vt 0.0395507812 0.4926757812
vt 0.0395507812 0.5209960938
vt 0.076171875 0.5209960938
vt 0.076171875 0.4926757812
vt 0.078125 0.5209960938
vt 0.1147460938 0.5209960938
vt 0.1147460938 0.4926757812
vt 0.078125 0.4926757812
vt 0.0992363807 0.69140625
vt 0.1352539062 0.6849003329
vt 0.1302554166 0.6572265625
vt 0.0942382812 0.6637328578
vt 0.1422055209 0.6572265625
vt 0.1372070312 0.6849003329
vt 0.1732245568 0.69140625
vt 0.1782226562 0.6637328578
vt 0.095703125 0.9979539224
vt 0.1041430737 0.9990234375
vt 0.1108398438 0.9444288901
vt 0.102399895 0.943359375
vt 0.1127929688 0.9444288901
vt 0.1194897388 0.9990234375
vt 0.1279296875 0.9979539224
vt 0.1212329175 0.943359375
vt 0.1365798093 0.943359375
vt 0.1298828125 0.9979539439
vt 0.1383228087 0.9990234375
vt 0.1450195312 0.9444292906
vt 0.1536693788 0.9990234375
vt 0.162109375 0.9979539439
vt 0.1554123782 0.943359375
vt 0.1469726562 0.9444292906
vt 0.9961801506 0.5234375
vt 0.9970703125 0.4951171875
vt 0.98828125 0.4961849355
vt 0.1428044764 0.5219726562
vt 0.1435546875 0.4936523438
vt 0.134765625 0.4947619418
vt 0.4701284432 0.5219726562
vt 0.4780273438 0.4947200917
vt 0.4692382812 0.4936523438
vt 0.4807306799 0.5219726562
vt 0.4887695312 0.4947619418
vt 0.4799804688 0.4936523438
vt 0.7385431799 0.4931640625
vt 0.7377929688 0.521484375
vt 0.7465820312 0.5203747769
vt 0.9364370343 0.4931640625
vt 0.935546875 0.521484375
vt 0.9443359375 0.5204162335
vt 0.1247380701 0.4926757812
vt 0.1166992188 0.5198864957
vt 0.1254882812 0.5209960938
vt 0.1534067157 0.4926757812
vt 0.1455078125 0.5199279522
vt 0.154296875 0.5209960938
vt 0.9500953125 0.6948242188
vt 0.9370117188 0.7174219019
vt 0.9858398438 0.73046875
vt 0.1474609375 0.4609375
vt 0.1474609375 0.4345703125
vt 0.0009765625 0.4345703125
vt 0.0009765625 0.4609375
vt 0.7221679688 0.7169336206
vt 0.709084375 0.6943359375
vt 0.6733398438 0.7299804688
vt 0.5958397281 0.9501953125
vt 0.5732421875 0.9632785156
vt 0.6088867188 0.9990234375
vt 0.2958984375 0.4609375
vt 0.2958984375 0.4345703125
vt 0.1494140625 0.4345703125
vt 0.1494140625 0.4609375
vt 0.646484375 0.9632785156
vt 0.6238868344 0.9501953125
vt 0.6108398438 0.9990234375
vt 0.6748046875 0.9501953125
vt 0.6484375 0.9501953125
vt 0.6616210938 0.9990234375
vt 0.2978515625 0.4345703125
vt 0.2978515625 0.4609375
vt 0.4443359375 0.4609375
vt 0.4443359375 0.4345703125
vt 0.703125 0.9501953125
vt 0.6767578125 0.9501953125
vt 0.6899414062 0.9990234375
vt 0.7407226562 0.9632785156
vt 0.7181251157 0.9501953125
vt 0.705078125 0.9990234375
vt 0.474609375 0.4345703125
vt 0.474609375 0.4609375
vt 0.62109375 0.4609375
vt 0.62109375 0.4345703125
vt 0.7652733218 0.9501953125
vt 0.7426757812 0.9632785156
vt 0.7783203125 0.9990234375
vt 0.7729492188 0.7169336206
vt 0.759865625 0.6943359375
vt 0.7241210938 0.7299804688
vt 0.623046875 0.4345703125
vt 0.623046875 0.4609375
vt 0.76953125 0.4609375
vt 0.76953125 0.4345703125
vt 0.7879859375 0.6943359375
vt 0.7749023438 0.7169336206
vt 0.8237304688 0.7299804688
vt 0.9907226562 0.4614257812
vt 0.9907226562 0.4350585938
vt 0.9418945312 0.4482423843
vt 0.0009765625 0.40625
vt 0.0009765625 0.4326171875
vt 0.1474609375 0.4326171875
vt 0.1474609375 0.40625
vt 0.9418945312 0.4067382812
vt 0.9418945312 0.4331054688
vt 0.9907226562 0.4199220718
vt 0.2427757812 0.7294921875
vt 0.255859375 0.7068942574
vt 0.20703125 0.6938476562
vt 0.1494140625 0.40625
vt 0.1494140625 0.4326171875
vt 0.2958984375 0.4326171875
vt 0.2958984375 0.40625
vt 0.3359375 0.7068942574
vt 0.3490210938 0.7294921875
vt 0.384765625 0.6938476562
vt 0.7933204282 0.9990234375
vt 0.8159179688 0.9859398437
vt 0.7802734375 0.9501953125
vt 0.2978515625 0.40625
vt 0.2978515625 0.4326171875
vt 0.4443359375 0.4326171875
vt 0.4443359375 0.40625
vt 0.8178710938 0.9859398437
vt 0.8404686343 0.9990234375
vt 0.853515625 0.9501953125
vt 0.85546875 0.9990234375
vt 0.8818359375 0.9990234375
vt 0.8686523438 0.9501953125
vt 0.5927734375 0.4326171875
vt 0.5927734375 0.40625
vt 0.4462890625 0.40625
vt 0.4462890625 0.4326171875
vt 0.8837890625 0.9990234375
vt 0.91015625 0.9990234375
vt 0.8969726562 0.9501953125
vt 0.912109375 0.9859398437
vt 0.9347069156 0.9990234375
vt 0.9477539062 0.9501953125
vt 0.7412109375 0.4326171875
vt 0.7412109375 0.40625
vt 0.5947265625 0.40625
vt 0.5947265625 0.4326171875
vt 0.9627540219 0.9990234375
vt 0.9853515625 0.9859398437
vt 0.9497070312 0.9501953125
vt 0.38671875 0.7068942574
vt 0.3998023438 0.7294921875
vt 0.435546875 0.6938476562
vt 0.8896484375 0.4326171875
vt 0.8896484375 0.40625
vt 0.7431640625 0.40625
vt 0.7431640625 0.4326171875
vt 0.4732445312 0.7294921875
vt 0.486328125 0.7068942574
vt 0.4375 0.6938476562
vt 0.8916015625 0.3784179688
vt 0.8916015625 0.4047851562
vt 0.9404296875 0.3916017593
vt 0.1474609375 0.404296875
vt 0.1474609375 0.3779296875
vt 0.0009765625 0.3779296875
vt 0.0009765625 0.404296875
vt 0.9912109375 0.4047851562
vt 0.9912109375 0.3784179688
vt 0.9423828125 0.3916017593
vt 0.3135491216 0.6201171875
vt 0.3237304688 0.6175452378
vt 0.3075563329 0.587890625
vt 0.2998046875 0.5949173796
vt 0.8795685935 0.7685546875
vt 0.8891601562 0.7673725813
vt 0.8806765983 0.732421875
vt 0.8715820312 0.7356511573
vt 0.8911132812 0.7673725813
vt 0.900704844 0.7685546875
vt 0.9086914062 0.7356511573
vt 0.8995968392 0.732421875
vt 0.4814453125 0.6175452378
vt 0.4916266596 0.6201171875
vt 0.5053710938 0.5949173796
vt 0.4976194483 0.587890625
vt 0.9155273438 0.4886334056
vt 0.9257031468 0.4912109375
vt 0.9370117188 0.4704209114
vt 0.9292642945 0.4633789062
vt 0.98046875 0.3752722829
vt 0.9900386407 0.3764648438
vt 0.9951171875 0.3553086338
vt 0.9860431683 0.3520507812
vt 0.0744144843 0.3759765625
vt 0.083984375 0.3747840017
vt 0.0784099567 0.3515625
vt 0.0693359375 0.3548203526
vt 0.0122851344 0.4907226562
vt 0.0224609375 0.4881451243
vt 0.0087239868 0.462890625
vt 0.0009765625 0.4699326301
vt 0.8342489806 0.376953125
vt 0.841796875 0.3697068091
vt 0.8127555271 0.3520507812
vt 0.8095703125 0.3619494134
vt 0.5077220014 0.69140625
vt 0.5161132812 0.686758301
vt 0.4949443732 0.6577148438
vt 0.4877929688 0.6640640261
vt 0.0302734375 0.6852934573
vt 0.0386647173 0.6899414062
vt 0.05859375 0.6625991823
vt 0.0514423455 0.65625
vt 0.84375 0.3697068091
vt 0.8512978944 0.376953125
vt 0.8759765625 0.3619494134
vt 0.8727913479 0.3520507812
vt 0.5366210938 0.3422943719
vt 0.544160361 0.349609375
vt 0.564453125 0.3371408987
vt 0.5612715505 0.3271484375
vt 0.0693359375 0.3449319802
vt 0.0776886929 0.349609375
vt 0.0903320312 0.3320729834
vt 0.0832134681 0.3256835938
vt 0.1049284946 0.349609375
vt 0.11328125 0.3449319802
vt 0.0994037194 0.3256835938
vt 0.0922851562 0.3320729834
vt 0.586699014 0.349609375
vt 0.5942382812 0.3422943719
vt 0.5695878245 0.3271484375
vt 0.56640625 0.3371408987
vt 0.4833092583 0.2744140625
vt 0.4858398438 0.2641601562
vt 0.4521484375 0.2641601562
vt 0.454679023 0.2744140625
vt 0.9985351562 0.7744958915
vt 0.9892578125 0.7734375
vt 0.9892578125 0.8095703125
vt 0.9985351562 0.808511921
vt 0.9985351562 0.7353515625
vt 0.9892578125 0.736409954
vt 0.9892578125 0.7704259835
vt 0.9985351562 0.771484375
vt 0.3139648438 0.263671875
vt 0.3164954292 0.2739257812
vt 0.3451256645 0.2739257812
vt 0.34765625 0.263671875
vt 0.12109375 0.2661132812
vt 0.1236401003 0.2763671875
vt 0.1473559934 0.2763671875
vt 0.1499023438 0.2661132812
vt 0.6557617188 0.3525390625
vt 0.646484375 0.3536032194
vt 0.646484375 0.3754006868
vt 0.6557617188 0.3764648438
vt 0.6088867188 0.3531149382
vt 0.599609375 0.3520507812
vt 0.599609375 0.3759765625
vt 0.6088867188 0.3749124056
vt 0.3758716184 0.2739257812
vt 0.3784179688 0.263671875
vt 0.349609375 0.263671875
vt 0.3521557253 0.2739257812
vt 0.64453125 0.3614611322
vt 0.6413460354 0.3515625
vt 0.6123046875 0.3692185279
vt 0.6198525819 0.3764648438
vt 0.0888671875 0.6625991823
vt 0.081715783 0.65625
vt 0.060546875 0.6852934573
vt 0.0689381548 0.6899414062
vt 0.4949443732 0.6220703125
vt 0.4877929688 0.6284194948
vt 0.5077220014 0.6557617188
vt 0.5161132812 0.6511137698
vt 0.8811149021 0.3515625
vt 0.8779296875 0.3614611322
vt 0.9026083556 0.3764648438
vt 0.91015625 0.3692185279
vt 0.6140214183 0.3271484375
vt 0.6108398438 0.3371408987
vt 0.6311326078 0.349609375
vt 0.638671875 0.3422943719
vt 0.1223529381 0.3256835938
vt 0.115234375 0.3320729834
vt 0.1278777134 0.349609375
vt 0.1362304688 0.3449319802
vt 0.1591796875 0.3320729834
vt 0.1520611244 0.3256835938
vt 0.1381835938 0.3449319802
vt 0.1465363491 0.349609375
vt 0.685546875 0.3371408987
vt 0.6823653005 0.3271484375
vt 0.6577148438 0.3422943719
vt 0.665254111 0.349609375
vt 0.5693359375 0.5949173796
vt 0.5615842921 0.587890625
vt 0.5454101562 0.6175452378
vt 0.5555915034 0.6201171875
vt 0.9282226562 0.7356511573
vt 0.9191280892 0.732421875
vt 0.9106445312 0.7673725813
vt 0.920236094 0.7685546875
vt 0.9392703483 0.732421875
vt 0.9301757812 0.7356511573
vt 0.9381623435 0.7685546875
vt 0.9477539062 0.7673725813
vt 0.5790407079 0.587890625
vt 0.5712890625 0.5949173796
vt 0.5850334966 0.6201171875
vt 0.5952148438 0.6175452378
vt 0.0321614868 0.462890625
vt 0.0244140625 0.4699326301
vt 0.0357226344 0.4907226562
vt 0.0458984375 0.4881451243
vt 0.0950115192 0.3515625
vt 0.0859375 0.3548203526
vt 0.0910160468 0.3759765625
vt 0.1005859375 0.3747840017
vt 0.1171875 0.3548203526
vt 0.1081134808 0.3515625
vt 0.1025390625 0.3747840017
vt 0.1121089532 0.3759765625
vt 0.0693359375 0.4699326301
vt 0.0615885132 0.462890625
vt 0.0478515625 0.4881451243
vt 0.0580273656 0.4907226562
vt 0.5283203125 0.6602454292
vt 0.5180664062 0.6577148438
vt 0.5180664062 0.69140625
vt 0.5283203125 0.6888756645
vt 0.5708007812 0.7334802665
vt 0.5615234375 0.732421875
vt 0.5615234375 0.7685546875
vt 0.5708007812 0.767496296
vt 0.958984375 0.732421875
vt 0.9497070312 0.7334802665
vt 0.9497070312 0.767496296
vt 0.958984375 0.7685546875
vt 0.0112304688 0.6557617188
vt 0.0009765625 0.6582923042
vt 0.0009765625 0.6869225395
vt 0.0112304688 0.689453125
vt 0.9985351562 0.525390625
vt 0.98828125 0.5279369753
vt 0.98828125 0.5516528684
vt 0.9985351562 0.5541992188
vt 0.6557617188 0.3266601562
vt 0.646484375 0.3277243132
vt 0.646484375 0.3495217806
vt 0.6557617188 0.3505859375
vt 0.6088867188 0.3272360319
vt 0.599609375 0.326171875
vt 0.599609375 0.3500976562
vt 0.6088867188 0.3490334993
vt 0.1450195312 0.5264721316
vt 0.134765625 0.5239257812
vt 0.134765625 0.552734375
vt 0.1450195312 0.5501880247
vt 0.6073493159 0.587890625
vt 0.5971679688 0.5904625747
vt 0.6133421046 0.6201171875
vt 0.62109375 0.6130904329
vt 0.6829314065 0.7319335938
vt 0.6733398438 0.7331157
vt 0.6818234017 0.7680664062
vt 0.6909179688 0.7648371239
vt 0.7104492188 0.7331157
vt 0.700857656 0.7319335938
vt 0.6928710938 0.7648371239
vt 0.7019656608 0.7680664062
vt 0.7543945312 0.5904625747
vt 0.7442131841 0.587890625
vt 0.73046875 0.6130904329
vt 0.7382203954 0.6201171875
vt 0.0927734375 0.4654681569
vt 0.0825976344 0.462890625
vt 0.0712890625 0.4836806511
vt 0.0790364868 0.4907226562
vt 0.1337890625 0.3527550608
vt 0.1242191718 0.3515625
vt 0.119140625 0.3727187099
vt 0.1282146442 0.3759765625
vt 0.1453120782 0.3515625
vt 0.1357421875 0.3527550608
vt 0.1413166058 0.3759765625
vt 0.150390625 0.3727187099
vt 0.1049023656 0.462890625
vt 0.0947265625 0.4654681569
vt 0.1084635132 0.4907226562
vt 0.1162109375 0.4836806511
vt 0.9196572694 0.3515625
vt 0.912109375 0.3588088159
vt 0.9411507229 0.3764648438
vt 0.9443359375 0.3665662116
vt 0.5572194048 0.6220703125
vt 0.548828125 0.6267182615
vt 0.569997033 0.6557617188
vt 0.5771484375 0.6494125364
vt 0.607421875 0.6267182615
vt 0.5990305952 0.6220703125
vt 0.5791015625 0.6494125364
vt 0.586252967 0.6557617188
vt 0.978515625 0.3588088159
vt 0.9709677306 0.3515625
vt 0.9462890625 0.3665662116
vt 0.9494742771 0.3764648438
vt 0.7153320312 0.3344634406
vt 0.707792764 0.3271484375
vt 0.6875 0.3396169138
vt 0.6906815745 0.349609375
vt 0.1821289062 0.3303609886
vt 0.1737761509 0.3256835938
vt 0.1611328125 0.3432199854
vt 0.1682513756 0.349609375
vt 0.1924347866 0.3256835938
vt 0.1840820312 0.3303609886
vt 0.1979595619 0.349609375
vt 0.205078125 0.3432199854
vt 0.7248244235 0.3271484375
vt 0.7172851562 0.3344634406
vt 0.741935613 0.349609375
vt 0.7451171875 0.3396169138
vt 0.917569648 0.263671875
vt 0.9150390625 0.2739257812
vt 0.9487304688 0.2739257812
vt 0.9461998833 0.263671875
vt 0.9609375 0.767496296
vt 0.9702148438 0.7685546875
vt 0.9702148438 0.732421875
vt 0.9609375 0.7334802665
vt 0.7124023438 0.7680664062
vt 0.7216796875 0.7670080147
vt 0.7216796875 0.7329919853
vt 0.7124023438 0.7319335938
vt 0.984375 0.2739257812
vt 0.9818444145 0.263671875
vt 0.9532141792 0.263671875
vt 0.9506835938 0.2739257812
vt 0.0297851562 0.2734375
vt 0.0272388059 0.2631835938
vt 0.0035229128 0.2631835938
vt 0.0009765625 0.2734375
vt 0.98046875 0.3500976562
vt 0.9897460938 0.3490334993
vt 0.9897460938 0.3272360319
vt 0.98046875 0.326171875
vt 0.20703125 0.3485452181
vt 0.2163085938 0.349609375
vt 0.2163085938 0.3256835938
vt 0.20703125 0.3267477507
vt 0.2613354128 0.2631835938
vt 0.2587890625 0.2734375
vt 0.2875976562 0.2734375
vt 0.2850513059 0.2631835938
vt 0.0009765625 0.3660779303
vt 0.0041617771 0.3759765625
vt 0.033203125 0.3583205346
vt 0.0256552306 0.3510742188
vt 0.609375 0.6494125364
vt 0.6165264045 0.6557617188
vt 0.6376953125 0.6267182615
vt 0.6293040327 0.6220703125
vt 0.8361103143 0.6557617188
vt 0.8432617188 0.6494125364
vt 0.8233326861 0.6220703125
vt 0.8149414062 0.6267182615
vt 0.0641975979 0.3759765625
vt 0.0673828125 0.3660779303
vt 0.0427041444 0.3510742188
vt 0.03515625 0.3583205346
vt 0.7717207692 0.349609375
vt 0.7749023438 0.3396169138
vt 0.7546095797 0.3271484375
vt 0.7470703125 0.3344634406
vt 0.2321392494 0.349609375
vt 0.2392578125 0.3432199854
vt 0.2266144741 0.3256835938
vt 0.2182617188 0.3303609886
vt 0.2412109375 0.3432199854
vt 0.2483295006 0.349609375
vt 0.2622070312 0.3303609886
vt 0.2538542759 0.3256835938
vt 0.7768554688 0.3396169138
vt 0.7800370433 0.349609375
vt 0.8046875 0.3344634406
vt 0.7971482328 0.3271484375
vt 0.7563476562 0.6130904329
vt 0.7640993017 0.6201171875
vt 0.7802734375 0.5904625747
vt 0.7700920904 0.587890625
vt 0.7236328125 0.7648371239
vt 0.7327273796 0.7680664062
vt 0.7412109375 0.7331157
vt 0.7316193748 0.7319335938
vt 0.7516476204 0.7680664062
vt 0.7607421875 0.7648371239
vt 0.7527556252 0.7319335938
vt 0.7431640625 0.7331157
vt 0.7984006983 0.6201171875
vt 0.8061523438 0.6130904329
vt 0.7924079096 0.587890625
vt 0.7822265625 0.5904625747
vt 0.1319010132 0.4907226562
vt 0.1396484375 0.4836806511
vt 0.1283398656 0.462890625
vt 0.1181640625 0.4654681569
vt 0.1579181683 0.3759765625
vt 0.1669921875 0.3727187099
vt 0.1619136407 0.3515625
vt 0.15234375 0.3527550608
vt 0.1689453125 0.3727187099
vt 0.1780193317 0.3759765625
vt 0.18359375 0.3527550608
vt 0.1740238593 0.3515625
vt 0.1416015625 0.4836806511
vt 0.1493489868 0.4907226562
vt 0.1630859375 0.4654681569
vt 0.1529101344 0.462890625
vt 0.0131835938 0.6869225395
vt 0.0234375 0.689453125
vt 0.0234375 0.6557617188
vt 0.0131835938 0.6582923042
vt 0.7626953125 0.7670080147
vt 0.7719726562 0.7680664062
vt 0.7719726562 0.7319335938
vt 0.7626953125 0.7329919853
vt 0.7739257812 0.7680664062
vt 0.783203125 0.7670080147
vt 0.783203125 0.7329919853
vt 0.7739257812 0.7319335938
vt 0.9853515625 0.658203125
vt 0.9956054688 0.6556725395
vt 0.9956054688 0.6270423042
vt 0.9853515625 0.6245117188
vt 0.4692382812 0.552734375
vt 0.4794921875 0.5501880247
vt 0.4794921875 0.5264721316
vt 0.4692382812 0.5239257812
vt 0.2641601562 0.349609375
vt 0.2734375 0.3485452181
vt 0.2734375 0.3267477507
vt 0.2641601562 0.3256835938
vt 0.275390625 0.3485452181
vt 0.2846679688 0.349609375
vt 0.2846679688 0.3256835938
vt 0.275390625 0.3267477507
vt 0.0405273438 0.5496997434
vt 0.05078125 0.5522460938
vt 0.05078125 0.5234375
vt 0.0405273438 0.5259838503
vt 0.3478503906 0.306640625
vt 0.3413085938 0.318094173
vt 0.3657226562 0.3247070312
vt 0.9033203125 0.302734375
vt 0.9033203125 0.2895507812
vt 0.8544921875 0.2895507812
vt 0.8544921875 0.302734375
vt 0.3920898438 0.318094173
vt 0.3855480469 0.306640625
vt 0.3676757812 0.3247070312
vt 0.197000423 0.3515625
vt 0.185546875 0.3581042969
vt 0.2036132812 0.3759765625
vt 0.9541015625 0.302734375
vt 0.9541015625 0.2895507812
vt 0.9052734375 0.2895507812
vt 0.9052734375 0.302734375
vt 0.2236328125 0.3581042969
vt 0.2121792645 0.3515625
vt 0.2055664062 0.3759765625
vt 0.2387695312 0.3515625
vt 0.2255859375 0.3515625
vt 0.2321777344 0.3759765625
vt 0.0009765625 0.2890625
vt 0.0009765625 0.3022460938
vt 0.0498046875 0.3022460938
vt 0.0498046875 0.2890625
vt 0.25390625 0.3515625
vt 0.2407226562 0.3515625
vt 0.2473144531 0.3759765625
vt 0.2739257812 0.3581042969
vt 0.2624722333 0.3515625
vt 0.255859375 0.3759765625
vt 0.2841796875 0.2890625
vt 0.2841796875 0.3022460938
vt 0.3330078125 0.3022460938
vt 0.3330078125 0.2890625
vt 0.2873324542 0.3515625
vt 0.2758789062 0.3581042969
vt 0.2939453125 0.3759765625
vt 0.4184570312 0.318094173
vt 0.4119152344 0.306640625
vt 0.3940429688 0.3247070312
vt 0.6889648438 0.2885742188
vt 0.6889648438 0.3017578125
vt 0.7377929688 0.3017578125
vt 0.7377929688 0.2885742188
vt 0.4269519531 0.306640625
vt 0.4204101562 0.318094173
vt 0.4448242188 0.3247070312
vt 0.8032226562 0.302734375
vt 0.8032226562 0.2895507812
vt 0.7788085938 0.2961425781
vt 0.5200195312 0.2880859375
vt 0.5200195312 0.3012695312
vt 0.5688476562 0.3012695312
vt 0.5688476562 0.2880859375
vt 0.7397460938 0.2885742188
vt 0.7397460938 0.3017578125
vt 0.7641601562 0.2951660156
vt 0.4646496094 0.3247070312
vt 0.4711914062 0.3132534833
vt 0.4467773438 0.306640625
vt 0.5708007812 0.2880859375
vt 0.5708007812 0.3012695312
vt 0.6196289062 0.3012695312
vt 0.6196289062 0.2880859375
vt 0.4731445312 0.3132534833
vt 0.4796863281 0.3247070312
vt 0.4975585938 0.306640625
vt 0.3025112958 0.3759765625
vt 0.3139648438 0.3694347656
vt 0.2958984375 0.3515625
vt 0.6215820312 0.2880859375
vt 0.6215820312 0.3012695312
vt 0.6704101562 0.3012695312
vt 0.6704101562 0.2880859375
vt 0.3159179688 0.3694347656
vt 0.3273715167 0.3759765625
vt 0.333984375 0.3515625
vt 0.3359375 0.3759765625
vt 0.3491210938 0.3759765625
vt 0.3425292969 0.3515625
vt 0.2436523438 0.2919921875
vt 0.2436523438 0.2788085938
vt 0.1948242188 0.2788085938
vt 0.1948242188 0.2919921875
vt 0.3510742188 0.3759765625
vt 0.3642578125 0.3759765625
vt 0.3576660156 0.3515625
vt 0.3662109375 0.3694347656
vt 0.3776644855 0.3759765625
vt 0.3842773438 0.3515625
vt 0.1005859375 0.2915039062
vt 0.1005859375 0.2783203125
vt 0.0517578125 0.2783203125
vt 0.0517578125 0.2915039062
vt 0.392843327 0.3759765625
vt 0.404296875 0.3694347656
vt 0.3862304688 0.3515625
vt 0.4995117188 0.3132534833
vt 0.5060535156 0.3247070312
vt 0.5239257812 0.306640625
vt 0.1513671875 0.2915039062
vt 0.1513671875 0.2783203125
vt 0.1025390625 0.2783203125
vt 0.1025390625 0.2915039062
vt 0.9739269531 0.32421875
vt 0.98046875 0.312765202
vt 0.9560546875 0.3061523438
vt 0.2456054688 0.2788085938
vt 0.2456054688 0.2919921875
vt 0.2700195312 0.2854003906
vt 0.3837890625 0.2890625
vt 0.3837890625 0.2758789062
vt 0.3349609375 0.2758789062
vt 0.3349609375 0.2890625
vt 0.8295898438 0.2919921875
vt 0.8295898438 0.2788085938
vt 0.8051757812 0.2854003906
vt 0.1388353915 0.94140625
vt 0.15234375 0.9378991745
vt 0.1297417233 0.8974609375
vt 0.1196289062 0.9070427199
vt 0.6232318769 0.9482421875
vt 0.6333007812 0.9466607138
vt 0.6191002946 0.8999023438
vt 0.6098632812 0.9042229452
vt 0.6352539062 0.9466607138
vt 0.6453228106 0.9482421875
vt 0.6586914062 0.9042229452
vt 0.6494543929 0.8999023438
vt 0.0009765625 0.933016362
vt 0.014484921 0.9365234375
vt 0.0336914062 0.9021599074
vt 0.0235785892 0.892578125
vt 0.421875 0.7655608093
vt 0.4353728372 0.7690429688
vt 0.451171875 0.7409583201
vt 0.4410665583 0.7314453125
vt 0.8813476562 0.6536757996
vt 0.8913980638 0.6552734375
vt 0.8999023438 0.6269241151
vt 0.8906822771 0.6225585938
vt 0.9372152174 0.6552734375
vt 0.947265625 0.6536757996
vt 0.9379310042 0.6225585938
vt 0.9287109375 0.6269241151
vt 0.4689240378 0.7690429688
vt 0.482421875 0.7655608093
vt 0.4632303167 0.7314453125
vt 0.453125 0.7409583201
vt 0.124420543 0.6552734375
vt 0.1342773438 0.6454697604
vt 0.0947378034 0.6215820312
vt 0.0908203125 0.6349743779
vt 0.21908668 0.8950195312
vt 0.2275390625 0.8892260615
vt 0.1945058588 0.8530273438
vt 0.1879882812 0.8609409503
vt 0.0703125 0.8858080927
vt 0.0787648825 0.8916015625
vt 0.1098632812 0.8575229816
vt 0.1033457037 0.849609375
vt 0.1362304688 0.6454697604
vt 0.1460872695 0.6552734375
vt 0.1796875 0.6349743779
vt 0.1757700091 0.6215820312
vt 0.5166015625 0.5435221627
vt 0.5264798545 0.5532226562
vt 0.5541992188 0.5366880274
vt 0.5502737256 0.5234375
vt 0.5561523438 0.5473997722
vt 0.5646189745 0.5532226562
vt 0.5844726562 0.5313919164
vt 0.5779440904 0.5234375
vt 0.606279463 0.5532226562
vt 0.6147460938 0.5473997722
vt 0.5929543471 0.5234375
vt 0.5864257812 0.5313919164
vt 0.644418583 0.5532226562
vt 0.654296875 0.5435221627
vt 0.6206247119 0.5234375
vt 0.6166992188 0.5366880274
vt 0.2377265591 0.3076171875
vt 0.2412109375 0.2939453125
vt 0.1948242188 0.2939453125
vt 0.1983085971 0.3076171875
vt 0.6758158723 0.2729492188
vt 0.6772460938 0.2626953125
vt 0.6284179688 0.2626953125
vt 0.6298481902 0.2729492188
vt 0.6791992188 0.2626953125
vt 0.6806294402 0.2729492188
vt 0.7265971223 0.2729492188
vt 0.7280273438 0.2626953125
vt 0.8061523438 0.2939453125
vt 0.8096367221 0.3076171875
vt 0.8490546841 0.3076171875
vt 0.8525390625 0.2939453125
vt 0.2431640625 0.2939453125
vt 0.2466166308 0.3076171875
vt 0.2787739942 0.3076171875
vt 0.2822265625 0.2939453125
vt 0.7299804688 0.2626953125
vt 0.7314137907 0.2729492188
vt 0.7607737093 0.2729492188
vt 0.7622070312 0.2626953125
vt 0.7949533968 0.2729492188
vt 0.7963867188 0.2626953125
vt 0.7641601562 0.2626953125
vt 0.7655934782 0.2729492188
vt 0.3769185255 0.3046875
vt 0.3803710938 0.291015625
vt 0.3413085938 0.291015625
vt 0.344761162 0.3046875
vt 0.2978515625 0.6349743779
vt 0.2939340716 0.6215820312
vt 0.2543945312 0.6454697604
vt 0.264251332 0.6552734375
vt 0.0405273438 0.8565464191
vt 0.0340097662 0.8486328125
vt 0.0009765625 0.8848315302
vt 0.009428945 0.890625
vt 0.8087636713 0.8115234375
vt 0.8022460938 0.8194370441
vt 0.8333444925 0.853515625
vt 0.841796875 0.8477221552
vt 0.3379018659 0.6215820312
vt 0.333984375 0.6349743779
vt 0.3675846055 0.6552734375
vt 0.3774414062 0.6454697604
vt 0.6601754931 0.5234375
vt 0.65625 0.5366880274
vt 0.6839693643 0.5532226562
vt 0.6938476562 0.5435221627
vt 0.7023293471 0.5234375
vt 0.6958007812 0.5313919164
vt 0.715654463 0.5532226562
vt 0.7241210938 0.5473997722
vt 0.7543945312 0.5313919164
vt 0.7478659654 0.5234375
vt 0.7260742188 0.5473997722
vt 0.7345408495 0.5532226562
vt 0.0932617188 0.5361997462
vt 0.0893362256 0.5229492188
vt 0.0556640625 0.5430338814
vt 0.0655423545 0.552734375
vt 0.068359375 0.9021599074
vt 0.0582465579 0.892578125
vt 0.0356445312 0.933016362
vt 0.0491528898 0.9365234375
vt 0.6840820312 0.9042229452
vt 0.6748450179 0.8999023438
vt 0.6606445312 0.9466607138
vt 0.6707134356 0.9482421875
vt 0.6952721696 0.8999023438
vt 0.6860351562 0.9042229452
vt 0.6994037519 0.9482421875
vt 0.7094726562 0.9466607138
vt 0.8231010983 0.85546875
vt 0.8129882812 0.8650505324
vt 0.8321947665 0.8994140625
vt 0.845703125 0.895906987
vt 0.4944803167 0.7314453125
vt 0.484375 0.7409583201
vt 0.5001740378 0.7690429688
vt 0.513671875 0.7655608093
vt 0.9584388167 0.6225585938
vt 0.94921875 0.6269241151
vt 0.9577230299 0.6552734375
vt 0.9677734375 0.6536757996
vt 0.2001953125 0.6264358338
vt 0.1909752458 0.6220703125
vt 0.181640625 0.6531875183
vt 0.1916910326 0.6547851562
vt 0.6088867188 0.7409583201
vt 0.598781402 0.7314453125
vt 0.5795898438 0.7655608093
vt 0.5930876809 0.7690429688
vt 0.5590820312 0.9048511736
vt 0.5454101562 0.9013671875
vt 0.5454101562 0.9477539062
vt 0.5590820312 0.9442695279
vt 0.9975585938 0.9516255453
vt 0.9873046875 0.9501953125
vt 0.9873046875 0.9990234375
vt 0.9975585938 0.9975935934
vt 0.5834960938 0.8994140625
vt 0.5732421875 0.9008442953
vt 0.5732421875 0.9468123434
vt 0.5834960938 0.9482421875
vt 0.376953125 0.8989257812
vt 0.36328125 0.9024097673
vt 0.36328125 0.9418281216
vt 0.376953125 0.9453125
vt 0.0532226562 0.8076171875
vt 0.0395507812 0.8110701102
vt 0.0395507812 0.8432271536
vt 0.0532226562 0.8466796875
vt 0.2465820312 0.587890625
vt 0.236328125 0.5893235573
vt 0.236328125 0.6186838656
vt 0.2465820312 0.6201171875
vt 0.6333007812 0.5893235573
vt 0.623046875 0.587890625
vt 0.623046875 0.6201171875
vt 0.6333007812 0.6186838656
vt 0.4868164062 0.7744490164
vt 0.4731445312 0.7709960938
vt 0.4731445312 0.8100585938
vt 0.4868164062 0.8066060598
vt 0.8611646011 0.85546875
vt 0.84765625 0.8589761889
vt 0.8702582854 0.8994140625
vt 0.8803710938 0.8898319713
vt 0.7214948303 0.8999023438
vt 0.7114257812 0.9014834016
vt 0.7256261143 0.9482421875
vt 0.7348632812 0.9439219775
vt 0.7602539062 0.9014834016
vt 0.7501848572 0.8999023438
vt 0.7368164062 0.9439219775
vt 0.7460535732 0.9482421875
vt 0.9150390625 0.8589761889
vt 0.9015307114 0.85546875
vt 0.8823242188 0.8898319713
vt 0.8924370271 0.8994140625
vt 0.6401367188 0.7349271162
vt 0.6266388748 0.7314453125
vt 0.6108398438 0.759530254
vt 0.6209451687 0.7690429688
vt 0.220703125 0.6236683636
vt 0.2106528335 0.6220703125
vt 0.2021484375 0.6504192585
vt 0.2113683768 0.6547851562
vt 0.2327065415 0.6220703125
vt 0.22265625 0.6236683636
vt 0.2319909982 0.6547851562
vt 0.2412109375 0.6504192585
vt 0.6555876877 0.7314453125
vt 0.6420898438 0.7349271162
vt 0.6612813938 0.7690429688
vt 0.6713867188 0.759530254
vt 0.389251332 0.6215820312
vt 0.3793945312 0.6313860909
vt 0.4189340716 0.6552734375
vt 0.4228515625 0.6418814734
vt 0.8522023825 0.8115234375
vt 0.84375 0.8173166427
vt 0.8767832037 0.853515625
vt 0.8833007812 0.8456017539
vt 0.9248046875 0.8173166427
vt 0.916352305 0.8115234375
vt 0.8852539062 0.8456017539
vt 0.8917714838 0.853515625
vt 0.4682617188 0.6313860909
vt 0.458404918 0.6215820312
vt 0.4248046875 0.6418814734
vt 0.4287221784 0.6552734375
vt 0.1328125 0.5326493338
vt 0.122934208 0.5229492188
vt 0.0952148438 0.539483469
vt 0.0991403369 0.552734375
vt 0.2578125 0.5287723686
vt 0.2493458693 0.5229492188
vt 0.2294921875 0.5447802244
vt 0.2360207533 0.552734375
vt 0.2682322557 0.5229492188
vt 0.259765625 0.5287723686
vt 0.2815573717 0.552734375
vt 0.2880859375 0.5447802244
vt 0.2999173545 0.5229492188
vt 0.2900390625 0.5326493338
vt 0.3237112256 0.552734375
vt 0.3276367188 0.539483469
vt 0.3858085971 0.291015625
vt 0.3823242188 0.3046875
vt 0.4287109375 0.3046875
vt 0.4252265591 0.291015625
vt 0.7997700652 0.2626953125
vt 0.7983398438 0.2729492188
vt 0.8471679688 0.2729492188
vt 0.8457377473 0.2626953125
vt 0.8979492188 0.2729492188
vt 0.8965189973 0.2626953125
vt 0.8505513152 0.2626953125
vt 0.8491210938 0.2729492188
vt 0.4770507812 0.3046875
vt 0.4735664029 0.291015625
vt 0.4341484409 0.291015625
vt 0.4306640625 0.3046875
vt 0.5180664062 0.3046875
vt 0.514613838 0.291015625
vt 0.4824564745 0.291015625
vt 0.4790039062 0.3046875
vt 0.5200195312 0.2724609375
vt 0.5185862093 0.2622070312
vt 0.4892262907 0.2622070312
vt 0.4877929688 0.2724609375
vt 0.5234059782 0.2622070312
vt 0.5219726562 0.2724609375
vt 0.5541992188 0.2724609375
vt 0.5527658968 0.2622070312
vt 0.9595072558 0.2905273438
vt 0.9560546875 0.3041992188
vt 0.9951171875 0.3041992188
vt 0.9916646192 0.2905273438
vt 0.6396484375 0.6418814734
vt 0.6435659284 0.6552734375
vt 0.6831054688 0.6313860909
vt 0.673248668 0.6215820312
vt 0.9267578125 0.8456017539
vt 0.93327539 0.853515625
vt 0.9663085938 0.8173166427
vt 0.9578562113 0.8115234375
vt 0.5227792975 0.8530273438
vt 0.529296875 0.8451134726
vt 0.4981984762 0.8110351562
vt 0.4897460938 0.8168283615
vt 0.7245981341 0.6552734375
vt 0.728515625 0.6418814734
vt 0.6949153945 0.6215820312
vt 0.6850585938 0.6313860909
vt 0.3632620069 0.552734375
vt 0.3671875 0.539483469
vt 0.3394681357 0.5229492188
vt 0.3295898438 0.5326493338
vt 0.3909323717 0.552734375
vt 0.3974609375 0.5447802244
vt 0.3776072557 0.5229492188
vt 0.369140625 0.5287723686
vt 0.3994140625 0.5447802244
vt 0.4059426283 0.552734375
vt 0.427734375 0.5287723686
vt 0.4192677443 0.5229492188
vt 0.4296875 0.539483469
vt 0.4336129931 0.552734375
vt 0.4672851562 0.5326493338
vt 0.4574068643 0.5229492188
vt 0.9169921875 0.8898319713
vt 0.9271049959 0.8994140625
vt 0.9497070312 0.8589761889
vt 0.9361986801 0.85546875
vt 0.7622070312 0.9439219775
vt 0.7714441982 0.9482421875
vt 0.7856445312 0.9014834016
vt 0.7755754822 0.8999023438
vt 0.8017979893 0.9482421875
vt 0.8110351562 0.9439219775
vt 0.7976667053 0.8999023438
vt 0.7875976562 0.9014834016
vt 0.9742621916 0.8994140625
vt 0.984375 0.8898319713
vt 0.9651685074 0.85546875
vt 0.9516601562 0.8589761889
vt 0.1300313938 0.7685546875
vt 0.1401367188 0.7590419728
vt 0.1243376877 0.7309570312
vt 0.1108398438 0.734438835
vt 0.3091394357 0.6547851562
vt 0.318359375 0.6504192585
vt 0.309854979 0.6220703125
vt 0.2998046875 0.6236683636
vt 0.025390625 0.6499309773
vt 0.0346105643 0.654296875
vt 0.0439453125 0.6231800823
vt 0.033895021 0.6215820312
vt 0.515625 0.7590419728
vt 0.525730325 0.7685546875
vt 0.544921875 0.734438835
vt 0.531424031 0.7309570312
vt 0.37890625 0.9418281216
vt 0.392578125 0.9453125
vt 0.392578125 0.8989257812
vt 0.37890625 0.9024097673
vt 0.5854492188 0.9468123434
vt 0.595703125 0.9482421875
vt 0.595703125 0.8994140625
vt 0.5854492188 0.9008442953
vt 0.59765625 0.9482421875
vt 0.6079101562 0.9468123434
vt 0.6079101562 0.9008442953
vt 0.59765625 0.8994140625
vt 0.39453125 0.9453125
vt 0.408203125 0.9418281216
vt 0.408203125 0.9024097673
vt 0.39453125 0.8989257812
vt 0.259765625 0.8095703125
vt 0.2734375 0.8061177786
vt 0.2734375 0.7739607352
vt 0.259765625 0.7705078125
vt 0.8081054688 0.6201171875
vt 0.818359375 0.6186838656
vt 0.818359375 0.5893235573
vt 0.8081054688 0.587890625
vt 0.8203125 0.6186838656
vt 0.8305664062 0.6201171875
vt 0.8305664062 0.587890625
vt 0.8203125 0.5893235573
vt 0.53125 0.8061177786
vt 0.544921875 0.8095703125
vt 0.544921875 0.7705078125
vt 0.53125 0.7739607352
vt 0.83340493 0.9482421875
vt 0.84765625 0.9445013293
vt 0.82363059 0.9013671875
vt 0.8129882812 0.9115878938
vt 0.3050623925 0.9990234375
vt 0.3154296875 0.9973298422
vt 0.2994715534 0.947265625
vt 0.2900390625 0.9518917039
vt 0.3173828125 0.9973298422
vt 0.3277501075 0.9990234375
vt 0.3427734375 0.9518917039
vt 0.3333409466 0.947265625
vt 0.849609375 0.9445013293
vt 0.863860695 0.9482421875
vt 0.8842773438 0.9115878938
vt 0.873635035 0.9013671875
vt 0.6787109375 0.8483428978
vt 0.6930499153 0.8520507812
vt 0.7099609375 0.8221423292
vt 0.6992531703 0.8120117188
vt 0.9106445312 0.6906895232
vt 0.9210522659 0.6923828125
vt 0.9306640625 0.6623410632
vt 0.9211949799 0.6577148438
vt 0.3435961716 0.6918945312
vt 0.3540039062 0.690201242
vt 0.3434534576 0.6572265625
vt 0.333984375 0.661852782
vt 0.7288250847 0.8520507812
vt 0.7431640625 0.8483428978
vt 0.7226218297 0.8120117188
vt 0.7119140625 0.8221423292
vt 0.5827890086 0.7294921875
vt 0.5932617188 0.7191201425
vt 0.5509987232 0.6938476562
vt 0.546875 0.7080163417
vt 0.5271273858 0.8989257812
vt 0.5356445312 0.8928630413
vt 0.49956777 0.8549804688
vt 0.4931640625 0.8632621058
vt 0.4453125 0.8918864788
vt 0.4538296454 0.8979492188
vt 0.4877929688 0.8622855433
vt 0.4813892612 0.8540039062
vt 0.5952148438 0.7191201425
vt 0.6056875539 0.7294921875
vt 0.6416015625 0.7080163417
vt 0.6374778393 0.6938476562
vt 0.8325195312 0.6097808425
vt 0.8429924901 0.6201171875
vt 0.8725585938 0.6024984341
vt 0.8684343841 0.5883789062
vt 0.4912109375 0.5799237432
vt 0.4997590051 0.5859375
vt 0.521484375 0.5633909392
vt 0.5150571649 0.5551757812
vt 0.5451628699 0.5859375
vt 0.5537109375 0.5799237432
vt 0.5298647101 0.5551757812
vt 0.5234375 0.5633909392
vt 0.0530036036 0.6196289062
vt 0.0634765625 0.6092925612
vt 0.0275617096 0.587890625
vt 0.0234375 0.6020101529
vt 0.1012764401 0.3237304688
vt 0.1049804688 0.3095703125
vt 0.0556640625 0.3095703125
vt 0.0593680911 0.3237304688
vt 0.6068681878 0.2724609375
vt 0.6083984375 0.2622070312
vt 0.5561523438 0.2622070312
vt 0.5576825934 0.2724609375
vt 0.12109375 0.25390625
vt 0.1226239997 0.2641601562
vt 0.1718095941 0.2641601562
vt 0.1733398438 0.25390625
vt 0.1069335938 0.3095703125
vt 0.1106376224 0.3237304688
vt 0.1525459714 0.3237304688
vt 0.15625 0.3095703125
vt 0.158203125 0.3095703125
vt 0.1619149554 0.3237304688
vt 0.1964834821 0.3237304688
vt 0.2001953125 0.3095703125
vt 0.1752929688 0.25390625
vt 0.1768347802 0.2641601562
vt 0.208419126 0.2641601562
vt 0.2099609375 0.25390625
vt 0.2450402198 0.2641601562
vt 0.2465820312 0.25390625
vt 0.2119140625 0.25390625
vt 0.213455874 0.2641601562
vt 0.2404287946 0.3237304688
vt 0.244140625 0.3095703125
vt 0.2021484375 0.3095703125
vt 0.2058602679 0.3237304688
vt 0.1484375 0.7075280604
vt 0.1443137768 0.693359375
vt 0.1020507812 0.7186318613
vt 0.1125234914 0.7290039062
vt 0.65234375 0.8622855433
vt 0.6459400425 0.8540039062
vt 0.6098632812 0.8918864788
vt 0.6183804267 0.8979492188
vt 0.6607005825 0.8540039062
vt 0.654296875 0.8622855433
vt 0.6882601983 0.8979492188
vt 0.6967773438 0.8918864788
vt 0.1545143482 0.693359375
vt 0.150390625 0.7075280604
vt 0.1863046336 0.7290039062
vt 0.1967773438 0.7186318613
vt 0.0695538971 0.587890625
vt 0.0654296875 0.6020101529
vt 0.0949957911 0.6196289062
vt 0.10546875 0.6092925612
vt 0.5620912726 0.5551757812
vt 0.5556640625 0.5633909392
vt 0.5773894324 0.5859375
vt 0.5859375 0.5799237432
vt 0.6181640625 0.5633909392
vt 0.6117368524 0.5551757812
vt 0.587890625 0.5799237432
vt 0.5964386926 0.5859375
vt 0.1474609375 0.6020101529
vt 0.1433367279 0.587890625
vt 0.107421875 0.6092925612
vt 0.1178948339 0.6196289062
vt 0.9208984375 0.9115878938
vt 0.9102561288 0.9013671875
vt 0.8862304688 0.9445013293
vt 0.9004817888 0.9482421875
vt 0.3701171875 0.9518917039
vt 0.3606846966 0.947265625
vt 0.3447265625 0.9973298422
vt 0.3550938575 0.9990234375
vt 0.3815028034 0.947265625
vt 0.3720703125 0.9518917039
vt 0.3870936425 0.9990234375
vt 0.3974609375 0.9973298422
vt 0.9334938712 0.9013671875
vt 0.9228515625 0.9115878938
vt 0.9432682112 0.9482421875
vt 0.9575195312 0.9445013293
vt 0.7558249547 0.8120117188
vt 0.7451171875 0.8221423292
vt 0.7620282097 0.8520507812
vt 0.7763671875 0.8483428978
vt 0.3654261138 0.6572265625
vt 0.3559570312 0.661852782
vt 0.3655688279 0.6918945312
vt 0.3759765625 0.690201242
vt 0.3979492188 0.661852782
vt 0.3884801362 0.6572265625
vt 0.3779296875 0.690201242
vt 0.3883374221 0.6918945312
vt 0.2607421875 0.821654048
vt 0.2500344203 0.8115234375
vt 0.2294921875 0.8478546166
vt 0.2438311653 0.8515625
vt 0.5229492188 0.9534110599
vt 0.5087890625 0.9497070312
vt 0.5087890625 0.9990234375
vt 0.5229492188 0.9953194089
vt 0.2514648438 0.948307972
vt 0.2412109375 0.9467773438
vt 0.2412109375 0.9990234375
vt 0.2514648438 0.9974931992
vt 0.263671875 0.9467773438
vt 0.2534179688 0.948307972
vt 0.2534179688 0.9974931992
vt 0.263671875 0.9990234375
vt 0.5390625 0.9497070312
vt 0.5249023438 0.9534110599
vt 0.5249023438 0.9953194089
vt 0.5390625 0.9990234375
vt 0.056640625 0.8486328125
vt 0.0424804688 0.8523442511
vt 0.0424804688 0.8869131696
vt 0.056640625 0.890625
vt 0.998046875 0.6967773438
vt 0.9877929688 0.6983191377
vt 0.9877929688 0.7299035185
vt 0.998046875 0.7314453125
vt 0.0922851562 0.6944128877
vt 0.08203125 0.6928710938
vt 0.08203125 0.7275390625
vt 0.0922851562 0.7259972685
vt 0.982421875 0.8152348761
vt 0.9682617188 0.8115234375
vt 0.9682617188 0.853515625
vt 0.982421875 0.8498037946
vt 0.9737239763 0.9013671875
vt 0.9594726562 0.9051080457
vt 0.9834983163 0.9482421875
vt 0.994140625 0.9380214812
vt 0.4097814964 0.947265625
vt 0.3994140625 0.9489588029
vt 0.415372049 0.9990234375
vt 0.4248046875 0.9943977515
vt 0.4521484375 0.9489588029
vt 0.4417810036 0.947265625
vt 0.4267578125 0.9943977515
vt 0.436190451 0.9990234375
vt 0.5434570312 0.9046197644
vt 0.5292057112 0.9008789062
vt 0.5087890625 0.9375331999
vt 0.5194313712 0.9477539062
vt 0.5625 0.8152316727
vt 0.5481610246 0.8115234375
vt 0.53125 0.8414319852
vt 0.5419577644 0.8515625
vt 0.419921875 0.6589198664
vt 0.4095141913 0.6572265625
vt 0.3999023438 0.6872679735
vt 0.4093713704 0.6918945312
vt 0.4322826837 0.6572265625
vt 0.421875 0.6589198664
vt 0.4324255046 0.6918945312
vt 0.4418945312 0.6872679735
vt 0.2023272566 0.8110351562
vt 0.1879882812 0.8147433915
vt 0.2085305169 0.8510742188
vt 0.2192382812 0.8409437039
vt 0.2682852122 0.693359375
vt 0.2578125 0.7037315279
vt 0.3000754932 0.7290039062
vt 0.3041992188 0.7148354536
vt 0.7072476142 0.8540039062
vt 0.6987304688 0.8600663754
vt 0.73480723 0.8979492188
vt 0.7412109375 0.8896673108
vt 0.7856445312 0.8600663754
vt 0.7771273858 0.8540039062
vt 0.7431640625 0.8896673108
vt 0.74956777 0.8979492188
vt 0.5346679688 0.7037315279
vt 0.5241952566 0.693359375
vt 0.48828125 0.7148354536
vt 0.4924049756 0.7290039062
vt 0.2885742188 0.5982269803
vt 0.2781012666 0.587890625
vt 0.2485351562 0.6055089893
vt 0.2526593577 0.6196289062
vt 0.650390625 0.5611898066
vt 0.6418425574 0.5551757812
vt 0.6201171875 0.5777226107
vt 0.6265443976 0.5859375
vt 0.6608918176 0.5551757812
vt 0.65234375 0.5611898066
vt 0.6761899774 0.5859375
vt 0.6826171875 0.5777226107
vt 0.3361565459 0.587890625
vt 0.3256835938 0.5982269803
vt 0.3615984548 0.6196289062
vt 0.3657226562 0.6055089893
vt 0.8098563724 0.3095703125
vt 0.8061523438 0.3237304688
vt 0.85546875 0.3237304688
vt 0.8517647214 0.3095703125
vt 0.0332685309 0.2534179688
vt 0.0317382812 0.263671875
vt 0.083984375 0.263671875
vt 0.0824541253 0.2534179688
vt 0.341796875 0.26171875
vt 0.3402666253 0.2514648438
vt 0.2910810309 0.2514648438
vt 0.2895507812 0.26171875
vt 0.1049804688 0.3076171875
vt 0.1012764401 0.2934570312
vt 0.0593680911 0.2934570312
vt 0.0556640625 0.3076171875
vt 0.1489257812 0.3076171875
vt 0.1452139508 0.2934570312
vt 0.1106454242 0.2934570312
vt 0.1069335938 0.3076171875
vt 0.3784179688 0.26171875
vt 0.3768761573 0.2514648438
vt 0.3452918115 0.2514648438
vt 0.34375 0.26171875
vt 0.3819129052 0.2514648438
vt 0.3803710938 0.26171875
vt 0.4150390625 0.26171875
vt 0.413497251 0.2514648438
vt 0.1545907367 0.2934570312
vt 0.1508789062 0.3076171875
vt 0.1928710938 0.3076171875
vt 0.1891592633 0.2934570312
vt 0.0336914062 0.7133706098
vt 0.0378151318 0.7275390625
vt 0.080078125 0.7022666841
vt 0.0696054128 0.6918945312
vt 0.2358398438 0.8891790296
vt 0.2422435513 0.8974609375
vt 0.2783203125 0.8595780941
vt 0.2698031671 0.853515625
vt 0.5736744175 0.8974609375
vt 0.580078125 0.8891790296
vt 0.5461148017 0.853515625
vt 0.5375976562 0.8595780941
vt 0.9792747119 0.6928710938
vt 0.9833984375 0.6787026411
vt 0.9474844309 0.6572265625
vt 0.9370117188 0.6675987154
vt 0.4035906423 0.6196289062
vt 0.4077148438 0.6055089893
vt 0.3781487334 0.587890625
vt 0.3676757812 0.5982269803
vt 0.7084165399 0.5859375
vt 0.71484375 0.5777226107
vt 0.6931183801 0.5551757812
vt 0.6845703125 0.5611898066
vt 0.7299804688 0.5777226107
vt 0.7364076789 0.5859375
vt 0.7602539062 0.5611898066
vt 0.7517058387 0.5551757812
vt 0.4096679688 0.6055089893
vt 0.4137921702 0.6196289062
vt 0.4497070312 0.5982269803
vt 0.4392340791 0.587890625
vt 0.2900390625 0.9350917937
vt 0.3006813712 0.9453125
vt 0.3247070312 0.9021783582
vt 0.3104557112 0.8984375
vt 0.4541015625 0.9943977515
vt 0.463534201 0.9990234375
vt 0.4794921875 0.9489588029
vt 0.4691247536 0.947265625
vt 0.497403299 0.9990234375
vt 0.5068359375 0.9943977515
vt 0.4918127464 0.947265625
vt 0.4814453125 0.9489588029
vt 0.3506858163 0.9453125
vt 0.361328125 0.9350917937
vt 0.3409114763 0.8984375
vt 0.3266601562 0.9021783582
vt 0.1323586419 0.8505859375
vt 0.1430664062 0.8404554227
vt 0.1261553816 0.810546875
vt 0.1118164062 0.8142551102
vt 0.4543981608 0.6918945312
vt 0.4638671875 0.6872679735
vt 0.4542553399 0.6572265625
vt 0.4438476562 0.6589198664
vt 0.4658203125 0.6872679735
vt 0.4752893392 0.6918945312
vt 0.4858398438 0.6589198664
vt 0.4754321601 0.6572265625
vt 0.1450195312 0.8404554227
vt 0.1557272956 0.8505859375
vt 0.1762695312 0.8142551102
vt 0.1619305559 0.810546875
vt 0.541015625 0.9953194089
vt 0.5551757812 0.9990234375
vt 0.5551757812 0.9497070312
vt 0.541015625 0.9534110599
vt 0.265625 0.9974931992
vt 0.2758789062 0.9990234375
vt 0.2758789062 0.9467773438
vt 0.265625 0.948307972
vt 0.2778320312 0.9990234375
vt 0.2880859375 0.9974931992
vt 0.2880859375 0.948307972
vt 0.2778320312 0.9467773438
vt 0.5571289062 0.9990234375
vt 0.5712890625 0.9953194089
vt 0.5712890625 0.9534110599
vt 0.5571289062 0.9497070312
vt 0.984375 0.853515625
vt 0.9985351562 0.8498037946
vt 0.9985351562 0.8152348761
vt 0.984375 0.8115234375
vt 0.9877929688 0.6948242188
vt 0.998046875 0.6932824248
vt 0.998046875 0.661698044
vt 0.9877929688 0.66015625
vt 0.5366210938 0.6903527373
vt 0.546875 0.6918945312
vt 0.546875 0.6572265625
vt 0.5366210938 0.6587683565
vt 0.4248046875 0.8493155133
vt 0.4389648438 0.8530273438
vt 0.4389648438 0.8110351562
vt 0.4248046875 0.8147465949
vt 0.3770812737 0.8525390625
vt 0.3896484375 0.8492653946
vt 0.3688121964 0.8115234375
vt 0.359375 0.8204665933
vt 0.4573175501 0.9453125
vt 0.4672851562 0.9438272025
vt 0.4545329996 0.8999023438
vt 0.4453125 0.9039607586
vt 0.4692382812 0.9438272025
vt 0.4792058874 0.9453125
vt 0.4912109375 0.9039607586
vt 0.4819904379 0.8999023438
vt 0.3916015625 0.8492653946
vt 0.4041687263 0.8525390625
vt 0.421875 0.8204665933
vt 0.4124378036 0.8115234375
vt 0.8256835938 0.7267247398
vt 0.8383434884 0.7299804688
vt 0.8530273438 0.703719425
vt 0.8435205105 0.6948242188
vt 0.7846679688 0.5844590268
vt 0.7946125537 0.5859375
vt 0.8022460938 0.559703828
vt 0.7930468903 0.5556640625
vt 0.8118327588 0.5859375
vt 0.8217773438 0.5844590268
vt 0.8133984222 0.5556640625
vt 0.8041992188 0.559703828
vt 0.6582385429 0.7294921875
vt 0.6708984375 0.7262364586
vt 0.6530615207 0.6943359375
vt 0.6435546875 0.7032311437
vt 0.0869469004 0.5859375
vt 0.0961914062 0.57684402
vt 0.0593782796 0.5546875
vt 0.0556640625 0.5671092878
vt 0.0868183533 0.84765625
vt 0.0952148438 0.8421325466
vt 0.0652343238 0.8076171875
vt 0.05859375 0.8151626807
vt 0.0009765625 0.8411559841
vt 0.0093730529 0.8466796875
vt 0.0375976562 0.8141861182
vt 0.0309570825 0.806640625
vt 0.0981445312 0.57684402
vt 0.1073890371 0.5859375
vt 0.138671875 0.5671092878
vt 0.1349576579 0.5546875
vt 0.1650390625 0.481658382
vt 0.1743256233 0.4907226562
vt 0.2001953125 0.4752725202
vt 0.1964641959 0.462890625
vt 0.15625 0.5154595757
vt 0.1646408106 0.5209960938
vt 0.1826171875 0.50023878
vt 0.1759811055 0.4926757812
vt 0.2025466894 0.5209960938
vt 0.2109375 0.5154595757
vt 0.1912063945 0.4926757812
vt 0.1845703125 0.50023878
vt 0.2280181267 0.4907226562
vt 0.2373046875 0.481658382
vt 0.2058795541 0.462890625
vt 0.2021484375 0.4752725202
vt 0.425483609 0.2890625
vt 0.4287109375 0.2763671875
vt 0.3857421875 0.2763671875
vt 0.388969516 0.2890625
vt 0.4615461063 0.26171875
vt 0.462890625 0.251953125
vt 0.4169921875 0.251953125
vt 0.4183367062 0.26171875
vt 0.8999023438 0.251953125
vt 0.9012468624 0.26171875
vt 0.9444562626 0.26171875
vt 0.9458007812 0.251953125
vt 0.4306640625 0.2763671875
vt 0.433891391 0.2890625
vt 0.470405484 0.2890625
vt 0.4736328125 0.2763671875
vt 0.1533203125 0.2788085938
vt 0.1565570983 0.2915039062
vt 0.1867046204 0.2915039062
vt 0.1899414062 0.2788085938
vt 0.0859375 0.25390625
vt 0.0872840492 0.263671875
vt 0.1148643883 0.263671875
vt 0.1162109375 0.25390625
vt 0.9766807946 0.26171875
vt 0.9780273438 0.251953125
vt 0.9477539062 0.251953125
vt 0.9491004554 0.26171875
vt 0.5089702454 0.2890625
vt 0.5122070312 0.2763671875
vt 0.4755859375 0.2763671875
vt 0.4788227233 0.2890625
vt 0.2768554688 0.5671092878
vt 0.2731412516 0.5546875
vt 0.236328125 0.57684402
vt 0.2455726308 0.5859375
vt 0.7153320312 0.7775650245
vt 0.7086914575 0.7700195312
vt 0.6787109375 0.8045348904
vt 0.6871074279 0.8100585938
vt 0.72392573 0.7700195312
vt 0.7172851562 0.7775650245
vt 0.7455097596 0.8100585938
vt 0.75390625 0.8045348904
vt 0.2825228109 0.5546875
vt 0.2788085938 0.5671092878
vt 0.3100914317 0.5859375
vt 0.3193359375 0.57684402
vt 0.2429889291 0.462890625
vt 0.2392578125 0.4752725202
vt 0.2651275017 0.4907226562
vt 0.2744140625 0.481658382
vt 0.219526707 0.4926757812
vt 0.212890625 0.50023878
vt 0.2308670019 0.5209960938
vt 0.2392578125 0.5154595757
vt 0.267578125 0.50023878
vt 0.260942043 0.4926757812
vt 0.2412109375 0.5154595757
vt 0.2496017481 0.5209960938
vt 0.3115234375 0.4752725202
vt 0.3077923209 0.462890625
vt 0.2763671875 0.481658382
vt 0.2856537483 0.4907226562
vt 0.310546875 0.819978312
vt 0.3011096786 0.8110351562
vt 0.2802734375 0.8487771134
vt 0.2928406013 0.8520507812
vt 0.2631835938 0.9034724774
vt 0.2539630942 0.8994140625
vt 0.2412109375 0.9433389212
vt 0.2511785436 0.9448242188
vt 0.2743572183 0.8994140625
vt 0.2651367188 0.9034724774
vt 0.2771417689 0.9448242188
vt 0.287109375 0.9433389212
vt 0.3219371964 0.8110351562
vt 0.3125 0.819978312
vt 0.3302062737 0.8520507812
vt 0.3427734375 0.8487771134
vt 0.315659177 0.6938476562
vt 0.3061523438 0.7027428625
vt 0.3208361991 0.7290039062
vt 0.3334960938 0.7257481773
vt 0.8817577972 0.5556640625
vt 0.8725585938 0.559703828
vt 0.8801921338 0.5859375
vt 0.8901367188 0.5844590268
vt 0.9096679688 0.559703828
vt 0.9004687653 0.5556640625
vt 0.8920898438 0.5844590268
vt 0.9020344287 0.5859375
vt 0.0283203125 0.7003014562
vt 0.0188134793 0.69140625
vt 0.0009765625 0.7233067711
vt 0.0136364571 0.7265625
vt 0.0830078125 0.8967823761
vt 0.0703125 0.8935546875
vt 0.0703125 0.9365234375
vt 0.0830078125 0.9332961383
vt 0.5708007812 0.9031995959
vt 0.5610351562 0.9018554688
vt 0.5610351562 0.9477539062
vt 0.5708007812 0.9464093876
vt 0.419921875 0.8994140625
vt 0.41015625 0.9007581896
vt 0.41015625 0.9439679813
vt 0.419921875 0.9453125
vt 0.9990234375 0.8564453125
vt 0.986328125 0.8596730011
vt 0.986328125 0.8961867633
vt 0.9990234375 0.8994140625
vt 0.1547851562 0.7319335938
vt 0.1420898438 0.7351703796
vt 0.1420898438 0.7653179017
vt 0.1547851562 0.7685546875
vt 0.9213867188 0.5556640625
vt 0.9116210938 0.5570102196
vt 0.9116210938 0.5845909508
vt 0.9213867188 0.5859375
vt 0.9331054688 0.5570102196
vt 0.9233398438 0.5556640625
vt 0.9233398438 0.5859375
vt 0.9331054688 0.5845909508
vt 0.1694335938 0.7351703796
vt 0.1567382812 0.7319335938
vt 0.1567382812 0.7685546875
vt 0.1694335938 0.7653179017
vt 0.453485141 0.8110351562
vt 0.4409179688 0.8143084608
vt 0.4617542 0.8520507812
vt 0.4711914062 0.8431079343
vt 0.1740299531 0.8969726562
vt 0.1640625 0.8984583723
vt 0.1768148193 0.9423828125
vt 0.1860351562 0.9383240037
vt 0.2099609375 0.8984583723
vt 0.1999934844 0.8969726562
vt 0.1879882812 0.9383240037
vt 0.1972086182 0.9423828125
vt 0.6123046875 0.8143084608
vt 0.5997375153 0.8110351562
vt 0.58203125 0.8431079343
vt 0.5914684563 0.8520507812
vt 0.8530273438 0.6609705727
vt 0.8403674491 0.6577148438
vt 0.8256835938 0.6839758875
vt 0.835190427 0.6928710938
vt 0.9526367188 0.5571429454
vt 0.9426922552 0.5556640625
vt 0.9350585938 0.5818973613
vt 0.944257664 0.5859375
vt 0.1857257136 0.5551757812
vt 0.17578125 0.5566546641
vt 0.1841603048 0.5854492188
vt 0.193359375 0.5814090801
vt 0.6562145821 0.6572265625
vt 0.6435546875 0.6604822914
vt 0.6613916043 0.6923828125
vt 0.6708984375 0.6834876063
vt 0.3305335769 0.5546875
vt 0.3212890625 0.5637805896
vt 0.358102179 0.5859375
vt 0.3618164062 0.5735157233
vt 0.7642557475 0.7700195312
vt 0.755859375 0.775543572
vt 0.7858400203 0.8100585938
vt 0.7924804688 0.8025130413
vt 0.2578125 0.7750552907
vt 0.2494161275 0.76953125
vt 0.2211914062 0.80202476
vt 0.2278318547 0.8095703125
vt 0.404296875 0.5637805896
vt 0.3950523606 0.5546875
vt 0.3637695312 0.5735157233
vt 0.3674837585 0.5859375
vt 0.3486328125 0.4719548992
vt 0.3393462517 0.462890625
vt 0.3134765625 0.478340761
vt 0.3172076791 0.4907226562
vt 0.2958984375 0.4982126008
vt 0.2875077174 0.4926757812
vt 0.26953125 0.5134330792
vt 0.2761672326 0.5209960938
vt 0.3062422826 0.4926757812
vt 0.2978515625 0.4982126008
vt 0.3175827674 0.5209960938
vt 0.32421875 0.5134330792
vt 0.3598724983 0.462890625
vt 0.3505859375 0.4719548992
vt 0.3820110709 0.4907226562
vt 0.3857421875 0.478340761
vt 0.959282016 0.2758789062
vt 0.9560546875 0.2885742188
vt 0.9990234375 0.2885742188
vt 0.995796109 0.2758789062
vt 0.6116960812 0.2509765625
vt 0.6103515625 0.2607421875
vt 0.65625 0.2607421875
vt 0.6549054813 0.2509765625
vt 0.7041015625 0.2607421875
vt 0.7027570438 0.2509765625
vt 0.6595476437 0.2509765625
vt 0.658203125 0.2607421875
vt 0.8745117188 0.2875976562
vt 0.8712843903 0.2749023438
vt 0.8347702972 0.2749023438
vt 0.8315429688 0.2875976562
vt 0.802734375 0.2875976562
vt 0.7994975892 0.2749023438
vt 0.7693500671 0.2749023438
vt 0.7661132812 0.2875976562
vt 0.2788085938 0.2612304688
vt 0.2774620446 0.2514648438
vt 0.2498817054 0.2514648438
vt 0.2485351562 0.2612304688
vt 0.7074012367 0.2509765625
vt 0.7060546875 0.2607421875
vt 0.736328125 0.2607421875
vt 0.7349815758 0.2509765625
vt 0.8797016296 0.2749023438
vt 0.8764648438 0.2875976562
vt 0.9130859375 0.2875976562
vt 0.9098491517 0.2749023438
vt 0.40625 0.5735157233
vt 0.4099642272 0.5859375
vt 0.4467773438 0.5637805896
vt 0.4375328293 0.5546875
vt 0.3447265625 0.80202476
vt 0.351367011 0.8095703125
vt 0.3813476562 0.7750552907
vt 0.3729512838 0.76953125
vt 0.4132814265 0.8095703125
vt 0.419921875 0.80202476
vt 0.3916971537 0.76953125
vt 0.3833007812 0.7750552907
vt 0.4855435853 0.5859375
vt 0.4892578125 0.5735157233
vt 0.4579749832 0.5546875
vt 0.4487304688 0.5637805896
vt 0.4191204459 0.4907226562
vt 0.4228515625 0.478340761
vt 0.3969818733 0.462890625
vt 0.3876953125 0.4719548992
vt 0.3459030799 0.5209960938
vt 0.3525390625 0.5134330792
vt 0.3345625951 0.4926757812
vt 0.326171875 0.4982126008
vt 0.3544921875 0.5134330792
vt 0.3611281701 0.5209960938
vt 0.380859375 0.4982126008
vt 0.3724686549 0.4926757812
vt 0.4755859375 0.478340761
vt 0.4793170541 0.4907226562
vt 0.5107421875 0.4719548992
vt 0.5014556267 0.462890625
vt 0.6142578125 0.8431079343
vt 0.6236950188 0.8520507812
vt 0.64453125 0.8143084608
vt 0.6319640778 0.8110351562
vt 0.2119140625 0.9383240037
vt 0.2211343995 0.9423828125
vt 0.2338867188 0.8984583723
vt 0.2239192657 0.8969726562
vt 0.1084554443 0.94140625
vt 0.1176757812 0.9373474412
vt 0.1056705781 0.8959960938
vt 0.095703125 0.8974818098
vt 0.6673206062 0.8520507812
vt 0.6767578125 0.8431079343
vt 0.6590515472 0.8110351562
vt 0.646484375 0.8143084608
vt 0.6906884793 0.6923828125
vt 0.7001953125 0.6834876063
vt 0.6855114571 0.6572265625
vt 0.6728515625 0.6604822914
vt 0.2036915548 0.5854492188
vt 0.212890625 0.5814090801
vt 0.2052569636 0.5551757812
vt 0.1953125 0.5566546641
vt 0.21484375 0.5814090801
vt 0.2240428202 0.5854492188
vt 0.232421875 0.5566546641
vt 0.2224774114 0.5551757812
vt 0.7021484375 0.6834876063
vt 0.7116552707 0.6923828125
vt 0.7294921875 0.6604822914
vt 0.7168322929 0.6572265625
vt 0.7875976562 0.8947219195
vt 0.8002929688 0.8979492188
vt 0.8002929688 0.8549804688
vt 0.7875976562 0.8582081573
vt 0.421875 0.9439679813
vt 0.431640625 0.9453125
vt 0.431640625 0.8994140625
vt 0.421875 0.9007581896
vt 0.43359375 0.9453125
vt 0.443359375 0.9439679813
vt 0.443359375 0.9007581896
vt 0.43359375 0.8994140625
vt 0.41015625 0.8974609375
vt 0.4228515625 0.8942336383
vt 0.4228515625 0.8577198761
vt 0.41015625 0.8544921875
vt 0.259765625 0.7685546875
vt 0.2724609375 0.7653179017
vt 0.2724609375 0.7351703796
vt 0.259765625 0.7319335938
vt 0.9545898438 0.5541992188
vt 0.9643554688 0.5528526696
vt 0.9643554688 0.5252719383
vt 0.9545898438 0.5239257812
vt 0.9663085938 0.5528526696
vt 0.9760742188 0.5541992188
vt 0.9760742188 0.5239257812
vt 0.9663085938 0.5252719383
vt 0.546875 0.7653179017
vt 0.5595703125 0.7685546875
vt 0.5595703125 0.7319335938
vt 0.546875 0.7351703796
vt 0.7464229574 0.6923828125
vt 0.7573242188 0.6895770672
vt 0.739698506 0.6572265625
vt 0.7314453125 0.6648919506
vt 0.5561816055 0.8095703125
vt 0.5659179688 0.8082923278
vt 0.5560324797 0.7705078125
vt 0.546875 0.7739992026
vt 0.7944335938 0.8082923278
vt 0.804169957 0.8095703125
vt 0.8134765625 0.7739992026
vt 0.8043190828 0.7705078125
vt 0.7592773438 0.6895770672
vt 0.7701786051 0.6923828125
vt 0.78515625 0.6648919506
vt 0.7769030565 0.6572265625
vt 0.7846679688 0.5509073259
vt 0.7956660184 0.5537109375
vt 0.8081054688 0.5310974017
vt 0.7997786282 0.5234375
vt 0.1494140625 0.4030086
vt 0.1591240381 0.404296875
vt 0.1650390625 0.3814481772
vt 0.1559065788 0.3779296875
vt 0.1729072119 0.404296875
vt 0.1826171875 0.4030086
vt 0.1761246712 0.3779296875
vt 0.1669921875 0.3814481772
vt 0.8849980441 0.5537109375
vt 0.8959960938 0.5509073259
vt 0.8808854343 0.5234375
vt 0.8725585938 0.5310974017
vt 0.965601337 0.4907226562
vt 0.9736328125 0.4827661465
vt 0.9422877941 0.4633789062
vt 0.9389648438 0.4742480985
vt 0.243653774 0.767578125
vt 0.251953125 0.7625931435
vt 0.2280929257 0.7314453125
vt 0.2211914062 0.7382547515
vt 0.3359375 0.7625931435
vt 0.344236851 0.767578125
vt 0.3666992188 0.7382547515
vt 0.3597976993 0.7314453125
vt 0.5126953125 0.4822778653
vt 0.520726788 0.490234375
vt 0.5473632812 0.4737598172
vt 0.5440403309 0.462890625
vt 0.40625 0.3680253447
vt 0.4143660339 0.3759765625
vt 0.4365234375 0.3624235945
vt 0.4331656643 0.3515625
vt 0.6591796875 0.3993331002
vt 0.6676014516 0.404296875
vt 0.6821289062 0.3856870592
vt 0.6751253302 0.37890625
vt 0.6986094859 0.404296875
vt 0.70703125 0.3993331002
vt 0.6910856073 0.37890625
vt 0.6840820312 0.3856870592
vt 0.4606339661 0.3759765625
vt 0.46875 0.3680253447
vt 0.4418343357 0.3515625
vt 0.4384765625 0.3624235945
vt 0.6627400411 0.2861328125
vt 0.6655273438 0.275390625
vt 0.6284179688 0.275390625
vt 0.6312052714 0.2861328125
vt 0.7761996324 0.2607421875
vt 0.77734375 0.2509765625
vt 0.73828125 0.2509765625
vt 0.7394253676 0.2607421875
vt 0.779296875 0.2509765625
vt 0.7804409926 0.2607421875
vt 0.8172152574 0.2607421875
vt 0.818359375 0.2509765625
vt 0.1533203125 0.2661132812
vt 0.1561076152 0.2768554688
vt 0.1876423848 0.2768554688
vt 0.1904296875 0.2661132812
vt 0.1923828125 0.2661132812
vt 0.1951449449 0.2768554688
vt 0.2208706801 0.2768554688
vt 0.2236328125 0.2661132812
vt 0.0009765625 0.2514648438
vt 0.0021274922 0.2612304688
vt 0.0257045391 0.2612304688
vt 0.0268554688 0.2514648438
vt 0.8450404766 0.2607421875
vt 0.8461914062 0.2509765625
vt 0.8203125 0.2509765625
vt 0.8214634297 0.2607421875
vt 0.2540738051 0.2768554688
vt 0.2568359375 0.2661132812
vt 0.2255859375 0.2661132812
vt 0.2283480699 0.2768554688
vt 0.583984375 0.4737598172
vt 0.5806614247 0.462890625
vt 0.5493164062 0.4822778653
vt 0.5573478817 0.490234375
vt 0.3994140625 0.7382547515
vt 0.392512543 0.7314453125
vt 0.3686523438 0.7625931435
vt 0.3769516947 0.767578125
vt 0.0435226132 0.7294921875
vt 0.0366210938 0.7363016265
vt 0.0590834615 0.765625
vt 0.0673828125 0.7606400185
vt 0.5892604503 0.462890625
vt 0.5859375 0.4737598172
vt 0.6125739933 0.490234375
vt 0.6206054688 0.4822778653
vt 0.4740608982 0.3515625
vt 0.470703125 0.3624235945
vt 0.4928605286 0.3759765625
vt 0.5009765625 0.3680253447
vt 0.715987951 0.37890625
vt 0.708984375 0.3856870592
vt 0.7235118296 0.404296875
vt 0.7319335938 0.3993331002
vt 0.7568359375 0.3856870592
vt 0.7498323615 0.37890625
vt 0.7338867188 0.3993331002
vt 0.7423084829 0.404296875
vt 0.533203125 0.3624235945
vt 0.5298453518 0.3515625
vt 0.5029296875 0.3680253447
vt 0.5110457214 0.3759765625
vt 0.8129882812 0.6648919506
vt 0.8047350878 0.6572265625
vt 0.787109375 0.6895770672
vt 0.7980106364 0.6923828125
vt 0.8344726562 0.7739992026
vt 0.8253151765 0.7705078125
vt 0.8154296875 0.8082923278
vt 0.8251660507 0.8095703125
vt 0.845583261 0.7705078125
vt 0.8364257812 0.7739992026
vt 0.8457323868 0.8095703125
vt 0.85546875 0.8082923278
vt 0.8632336622 0.6572265625
vt 0.8549804688 0.6648919506
vt 0.8699581136 0.6923828125
vt 0.880859375 0.6895770672
vt 0.9062760593 0.5234375
vt 0.8979492188 0.5310974017
vt 0.9103886691 0.5537109375
vt 0.9213867188 0.5509073259
vt 0.1937027962 0.3779296875
vt 0.1845703125 0.3814481772
vt 0.1904853369 0.404296875
vt 0.2001953125 0.4030086
vt 0.2177734375 0.3814481772
vt 0.2086409538 0.3779296875
vt 0.2021484375 0.4030086
vt 0.2118584131 0.404296875
vt 0.9467773438 0.5310974017
vt 0.9384505032 0.5234375
vt 0.9233398438 0.5509073259
vt 0.9343378934 0.5537109375
vt 0.9873046875 0.7752482107
vt 0.9765625 0.7724609375
vt 0.9765625 0.8095703125
vt 0.9873046875 0.8067830393
vt 0.5776367188 0.7716519187
vt 0.5678710938 0.7705078125
vt 0.5678710938 0.8095703125
vt 0.5776367188 0.8084262063
vt 0.8671875 0.7705078125
vt 0.857421875 0.7716519187
vt 0.857421875 0.8084262063
vt 0.8671875 0.8095703125
vt 0.2192382812 0.7719726562
vt 0.2084960938 0.7747599295
vt 0.2084960938 0.806294758
vt 0.2192382812 0.8090820312
vt 0.7280273438 0.5883789062
vt 0.7172851562 0.5911410043
vt 0.7172851562 0.6168668082
vt 0.7280273438 0.6196289062
vt 0.6220703125 0.3784179688
vt 0.6123046875 0.3795692721
vt 0.6123046875 0.4031459627
vt 0.6220703125 0.404296875
vt 0.6337890625 0.3795692721
vt 0.6240234375 0.3784179688
vt 0.6240234375 0.404296875
vt 0.6337890625 0.4031459627
vt 0.7280273438 0.5579378793
vt 0.7172851562 0.5551757812
vt 0.7172851562 0.5864257812
vt 0.7280273438 0.5836636832
vt 0.8937137568 0.6572265625
vt 0.8828125 0.6600322812
vt 0.9004382182 0.6923828125
vt 0.9086914062 0.6847171205
vt 0.878877078 0.7705078125
vt 0.869140625 0.7717857524
vt 0.8790260187 0.8095703125
vt 0.8881835938 0.8060793117
vt 0.9091796875 0.7717857524
vt 0.8994432345 0.7705078125
vt 0.8901367188 0.8060793117
vt 0.8992942938 0.8095703125
vt 0.224609375 0.6595439999
vt 0.2137081182 0.6567382812
vt 0.1987304688 0.6842288392
vt 0.2069836568 0.6918945312
vt 0.1767578125 0.5257528246
vt 0.1657597567 0.5229492188
vt 0.1533203125 0.5455631434
vt 0.1616471606 0.5532226562
vt 0.2353515625 0.3792175667
vt 0.2256415152 0.3779296875
vt 0.2197265625 0.4007784271
vt 0.2288591248 0.404296875
vt 0.2470147348 0.3779296875
vt 0.2373046875 0.3792175667
vt 0.2437971252 0.404296875
vt 0.2529296875 0.4007784271
vt 0.1897089933 0.5229492188
vt 0.1787109375 0.5257528246
vt 0.1938215894 0.5532226562
vt 0.2021484375 0.5455631434
vt 0.6305900692 0.462890625
vt 0.6225585938 0.4708475119
vt 0.6539036122 0.490234375
vt 0.6572265625 0.47936556
vt 0.0776352885 0.7294921875
vt 0.0693359375 0.7344769219
vt 0.0931961368 0.765625
vt 0.1000976562 0.7588153139
vt 0.0317382812 0.7335003594
vt 0.0234389303 0.728515625
vt 0.0009765625 0.7578387514
vt 0.007878082 0.7646484375
vt 0.6938476562 0.4708475119
vt 0.6858161808 0.462890625
vt 0.6591796875 0.47936556
vt 0.6625026378 0.490234375
vt 0.5654296875 0.3595133409
vt 0.5573136536 0.3515625
vt 0.53515625 0.3651150911
vt 0.5385140232 0.3759765625
vt 0.7817382812 0.3838699684
vt 0.7733164092 0.37890625
vt 0.7587890625 0.3975163413
vt 0.765792757 0.404296875
vt 0.7921132783 0.37890625
vt 0.7836914062 0.3838699684
vt 0.7996369305 0.404296875
vt 0.806640625 0.3975163413
vt 0.5754988464 0.3515625
vt 0.5673828125 0.3595133409
vt 0.5942984768 0.3759765625
vt 0.59765625 0.3651150911
vt 0.0457560527 0.265625
vt 0.04296875 0.2763671875
vt 0.080078125 0.2763671875
vt 0.0772908223 0.265625
vt 0.8492886489 0.2509765625
vt 0.8481445312 0.2607421875
vt 0.8872070312 0.2607421875
vt 0.8860629136 0.2509765625
vt 0.50390625 0.2602539062
vt 0.5027621324 0.2504882812
vt 0.4659878676 0.2504882812
vt 0.46484375 0.2602539062
vt 0.119140625 0.2763671875
vt 0.1163533223 0.265625
vt 0.0848185527 0.265625
vt 0.08203125 0.2763671875
vt 0.4169921875 0.2744140625
vt 0.4142300551 0.263671875
vt 0.3885043199 0.263671875
vt 0.3857421875 0.2744140625
vt 0.5317382812 0.2602539062
vt 0.5305873516 0.2504882812
vt 0.5070103047 0.2504882812
vt 0.505859375 0.2602539062
vt 0.5348423359 0.2504882812
vt 0.5336914062 0.2602539062
vt 0.5595703125 0.2602539062
vt 0.5584193828 0.2504882812
vt 0.4217074449 0.263671875
vt 0.4189453125 0.2744140625
vt 0.4501953125 0.2744140625
vt 0.4474331801 0.263671875
vt 0.6958007812 0.47936556
vt 0.6991237316 0.490234375
vt 0.73046875 0.4708475119
vt 0.7224372745 0.462890625
vt 0.8715820312 0.7236590639
vt 0.8784835507 0.73046875
vt 0.90234375 0.6993206719
vt 0.894044399 0.6943359375
vt 0.9281570743 0.73046875
vt 0.9350585938 0.7236590639
vt 0.912596226 0.6943359375
vt 0.904296875 0.6993206719
vt 0.7994114247 0.490234375
vt 0.802734375 0.47936556
vt 0.7760978817 0.462890625
vt 0.7680664062 0.4708475119
vt 0.8364859768 0.3500976562
vt 0.83984375 0.3392361848
vt 0.8176863464 0.3256835938
vt 0.8095703125 0.3336344346
vt 0.8245392743 0.404296875
vt 0.8315429688 0.3975163413
vt 0.817015622 0.37890625
vt 0.80859375 0.3838699684
vt 0.8334960938 0.3975163413
vt 0.8404997882 0.404296875
vt 0.8564453125 0.3838699684
vt 0.8480234405 0.37890625
vt 0.841796875 0.3392361848
vt 0.8451546482 0.3500976562
vt 0.8720703125 0.3336344346
vt 0.8639542786 0.3256835938
vt 0.2265625 0.6842288392
vt 0.2348156881 0.6918945312
vt 0.2524414062 0.6595439999
vt 0.2415401495 0.6567382812
vt 0.9111328125 0.8060793117
vt 0.9202903875 0.8095703125
vt 0.9301757812 0.7717857524
vt 0.9204393283 0.7705078125
vt 0.9420143 0.8095703125
vt 0.951171875 0.8060793117
vt 0.9418653592 0.7705078125
vt 0.9321289062 0.7717857524
vt 0.3237780619 0.6918945312
vt 0.33203125 0.6842288392
vt 0.3170536005 0.6567382812
vt 0.3061523438 0.6595439999
vt 0.2192122144 0.5532226562
vt 0.2275390625 0.5455631434
vt 0.2150996183 0.5229492188
vt 0.2041015625 0.5257528246
vt 0.2613752502 0.404296875
vt 0.2705078125 0.4007784271
vt 0.2645928598 0.3779296875
vt 0.2548828125 0.3792175667
vt 0.2724609375 0.4007784271
vt 0.2815934998 0.404296875
vt 0.2880859375 0.3792175667
vt 0.2783758902 0.3779296875
vt 0.4912109375 0.5455631434
vt 0.4995377856 0.5532226562
vt 0.5146484375 0.5257528246
vt 0.5036503817 0.5229492188
vt 0.9765625 0.7677205393
vt 0.9873046875 0.7705078125
vt 0.9873046875 0.7333984375
vt 0.9765625 0.7361857107
vt 0.953125 0.8084262063
vt 0.962890625 0.8095703125
vt 0.962890625 0.7705078125
vt 0.953125 0.7716519187
vt 0.96484375 0.8095703125
vt 0.974609375 0.8084262063
vt 0.974609375 0.7716519187
vt 0.96484375 0.7705078125
vt 0.2084960938 0.7700195312
vt 0.2192382812 0.767232258
vt 0.2192382812 0.7356974295
vt 0.2084960938 0.7329101562
vt 0.8598632812 0.5864257812
vt 0.8706054688 0.5836636832
vt 0.8706054688 0.5579378793
vt 0.8598632812 0.5551757812
vt 0.6357421875 0.404296875
vt 0.6455078125 0.4031459627
vt 0.6455078125 0.3795692721
vt 0.6357421875 0.3784179688
vt 0.6474609375 0.4031459627
vt 0.6572265625 0.404296875
vt 0.6572265625 0.3784179688
vt 0.6474609375 0.3795692721
vt 0.140625 0.583175402
vt 0.1513671875 0.5859375
vt 0.1513671875 0.5546875
vt 0.140625 0.557449598
vt 0.1947096525 0.8090820312
vt 0.2065429688 0.8060425263
vt 0.1871415357 0.7709960938
vt 0.1782226562 0.779300706
vt 0.5926802546 0.8974609375
vt 0.6025390625 0.8960713428
vt 0.5912274957 0.8549804688
vt 0.58203125 0.8587769792
vt 0.36328125 0.8955830616
vt 0.3731400579 0.8969726562
vt 0.3837890625 0.8582886979
vt 0.3745928168 0.8544921875
vt 0.275390625 0.8060425263
vt 0.2872239413 0.8090820312
vt 0.3037109375 0.779300706
vt 0.2947920581 0.7709960938
vt 0.0458984375 0.6512671878
vt 0.0577246532 0.654296875
vt 0.0712890625 0.6298594393
vt 0.0623755336 0.6215820312
vt 0.3828125 0.5196129407
vt 0.3926452597 0.5209960938
vt 0.3994140625 0.4964549501
vt 0.3902423058 0.4926757812
vt 0.4081359903 0.5209960938
vt 0.41796875 0.5196129407
vt 0.4105389442 0.4926757812
vt 0.4013671875 0.4964549501
vt 0.9832909718 0.6225585938
vt 0.9951171875 0.6195289066
vt 0.9786400914 0.58984375
vt 0.9697265625 0.598121158
vt 0.8390205188 0.552734375
vt 0.84765625 0.5442089966
vt 0.8135744514 0.5234375
vt 0.8100585938 0.5350828101
vt 0.3310083817 0.8090820312
vt 0.3393554688 0.8038278676
vt 0.3124339121 0.7709960938
vt 0.3056640625 0.7781738335
vt 0.421875 0.8038278676
vt 0.4302220871 0.8090820312
vt 0.4555664062 0.7781738335
vt 0.4487965567 0.7709960938
vt 0.0009765625 0.5437207154
vt 0.0096122937 0.5522460938
vt 0.0385742188 0.5345945288
vt 0.0350583611 0.5229492188
vt 0.2900390625 0.3957098119
vt 0.2987378394 0.404296875
vt 0.3227539062 0.3896597855
vt 0.3192123713 0.3779296875
vt 0.8046875 0.4849841808
vt 0.8130051092 0.490234375
vt 0.8291015625 0.4705507602
vt 0.8223550955 0.4633789062
vt 0.8471511408 0.490234375
vt 0.85546875 0.4849841808
vt 0.8378011545 0.4633789062
vt 0.8310546875 0.4705507602
vt 0.3487230981 0.404296875
vt 0.357421875 0.3957098119
vt 0.3282485662 0.3779296875
vt 0.3247070312 0.3896597855
vt 0.0380083389 0.287109375
vt 0.041015625 0.275390625
vt 0.0009765625 0.275390625
vt 0.0039838486 0.287109375
vt 0.6027597835 0.2602539062
vt 0.6040039062 0.2504882812
vt 0.5615234375 0.2504882812
vt 0.5627675602 0.2602539062
vt 0.0859375 0.2421875
vt 0.0871816227 0.251953125
vt 0.127173846 0.251953125
vt 0.1284179688 0.2421875
vt 0.2719726562 0.275390625
vt 0.2749799423 0.287109375
vt 0.3090044327 0.287109375
vt 0.3120117188 0.275390625
vt 0.9150390625 0.2758789062
vt 0.9180600658 0.2875976562
vt 0.9461977467 0.2875976562
vt 0.94921875 0.2758789062
vt 0.1303710938 0.2421875
vt 0.1316091513 0.251953125
vt 0.1569650674 0.251953125
vt 0.158203125 0.2421875
vt 0.1867502237 0.251953125
vt 0.1879882812 0.2421875
vt 0.16015625 0.2421875
vt 0.1613943076 0.251953125
vt 0.7035219654 0.2866210938
vt 0.7065429688 0.2749023438
vt 0.6723632812 0.2749023438
vt 0.6753842846 0.2866210938
vt 0.986328125 0.5043210913
vt 0.9828122673 0.4926757812
vt 0.9487304688 0.5134472779
vt 0.9573662 0.5219726562
vt 0.5224609375 0.7781738335
vt 0.5156910879 0.7709960938
vt 0.4887695312 0.8038278676
vt 0.4971166183 0.8090820312
vt 0.5863596933 0.7709960938
vt 0.5795898438 0.7781738335
vt 0.6049341629 0.8090820312
vt 0.61328125 0.8038278676
vt 0.5201174202 0.4921875
vt 0.5166015625 0.5038328101
vt 0.5455634875 0.521484375
vt 0.5541992188 0.5129589966
vt 0.362916535 0.3779296875
vt 0.359375 0.3896597855
vt 0.3833910669 0.404296875
vt 0.3920898438 0.3957098119
vt 0.864168342 0.4633789062
vt 0.857421875 0.4705507602
vt 0.8735183283 0.490234375
vt 0.8818359375 0.4849841808
vt 0.47265625 0.4417421665
vt 0.465909783 0.4345703125
vt 0.4482421875 0.4561755871
vt 0.4565597967 0.4614257812
vt 0.4267578125 0.3896597855
vt 0.4232162775 0.3779296875
vt 0.3940429688 0.3957098119
vt 0.4027417456 0.404296875
vt 0.6435546875 0.779300706
vt 0.6346358081 0.7709960938
vt 0.615234375 0.8060425263
vt 0.6270676913 0.8090820312
vt 0.40625 0.8582886979
vt 0.3970537543 0.8544921875
vt 0.3857421875 0.8955830616
vt 0.3956009954 0.8969726562
vt 0.2894696832 0.8540039062
vt 0.2802734375 0.8578004167
vt 0.2909224421 0.896484375
vt 0.30078125 0.8950947803
vt 0.6544266919 0.7709960938
vt 0.6455078125 0.779300706
vt 0.6619948087 0.8090820312
vt 0.673828125 0.8060425263
vt 0.5269799351 0.587890625
vt 0.5180664062 0.596168033
vt 0.5316308156 0.6206054688
vt 0.5434570312 0.6175757816
vt 0.4290936317 0.4926757812
vt 0.419921875 0.4964549501
vt 0.4266906778 0.5209960938
vt 0.4365234375 0.5196129407
vt 0.455078125 0.4964549501
vt 0.4459063683 0.4926757812
vt 0.4384765625 0.5196129407
vt 0.4483093222 0.5209960938
vt 0.9067382812 0.596168033
vt 0.8978247524 0.587890625
vt 0.8813476562 0.6175757816
vt 0.8931738719 0.6206054688
vt 0.4848632812 0.8150190048
vt 0.4731445312 0.8120117188
vt 0.4731445312 0.8520507812
vt 0.4848632812 0.8490434952
vt 0.4345703125 0.8562245915
vt 0.4248046875 0.8549804688
vt 0.4248046875 0.8974609375
vt 0.4345703125 0.8962168148
vt 0.3125 0.8540039062
vt 0.302734375 0.855248029
vt 0.302734375 0.8952402523
vt 0.3125 0.896484375
vt 0.2744140625 0.8115234375
vt 0.2626953125 0.8145307236
vt 0.2626953125 0.8485552139
vt 0.2744140625 0.8515625
vt 0.1918945312 0.6572265625
vt 0.1801757812 0.6602475658
vt 0.1801757812 0.6883848542
vt 0.1918945312 0.69140625
vt 0.998046875 0.4653320312
vt 0.98828125 0.4665697179
vt 0.98828125 0.4919263759
vt 0.998046875 0.4931640625
vt 0.4345703125 0.4641283116
vt 0.4248046875 0.462890625
vt 0.4248046875 0.4907226562
vt 0.4345703125 0.4894849696
vt 0.2661132812 0.6602475658
vt 0.2543945312 0.6572265625
vt 0.2543945312 0.69140625
vt 0.2661132812 0.6883848542
vt 0.122673164 0.7705078125
vt 0.1108398438 0.7735473448
vt 0.1302412721 0.80859375
vt 0.1391601562 0.8002894424
vt 0.3243118471 0.8540039062
vt 0.314453125 0.8553935445
vt 0.3257647829 0.896484375
vt 0.3349609375 0.8926874722
vt 0.357421875 0.8553935445
vt 0.3475631529 0.8540039062
vt 0.3369140625 0.8926874722
vt 0.3461102171 0.896484375
vt 0.1694335938 0.7735473448
vt 0.1576002735 0.7705078125
vt 0.1411132812 0.8002894424
vt 0.1500321654 0.80859375
vt 0.9340820312 0.5909206644
vt 0.9222558191 0.587890625
vt 0.9086914062 0.6123281554
vt 0.9176049308 0.6206054688
vt 0.5073242188 0.4940589532
vt 0.4974915158 0.4926757812
vt 0.4907226562 0.517216589
vt 0.4998943507 0.5209960938
vt 0.4668639529 0.4633789062
vt 0.45703125 0.4647620782
vt 0.4644611181 0.4916992188
vt 0.4736328125 0.487919714
vt 0.9478613684 0.587890625
vt 0.9360351562 0.5909206644
vt 0.9525122567 0.6206054688
vt 0.9614257812 0.6123281554
vt 0.5647880849 0.4921875
vt 0.5561523438 0.5007124858
vt 0.5902341307 0.521484375
vt 0.59375 0.5098390778
vt 0.0478977392 0.767578125
vt 0.0395507812 0.772832628
vt 0.0664724751 0.8056640625
vt 0.0732421875 0.7984862558
vt 0.1088867188 0.772832628
vt 0.1005397608 0.767578125
vt 0.0751953125 0.7984862558
vt 0.0819650249 0.8056640625
vt 0.6333007812 0.5007124858
vt 0.6246650401 0.4921875
vt 0.595703125 0.5098390778
vt 0.5992189943 0.521484375
vt 0.4614257812 0.3865167506
vt 0.4527270044 0.3779296875
vt 0.4287109375 0.392566777
vt 0.4322524725 0.404296875
vt 0.8291015625 0.4398208082
vt 0.8207840512 0.4345703125
vt 0.8046875 0.4542539049
vt 0.8114338595 0.4614257812
vt 0.8393721988 0.4345703125
vt 0.8310546875 0.4398208082
vt 0.8487223905 0.4614257812
vt 0.85546875 0.4542539049
vt 0.4720776831 0.3779296875
vt 0.4633789062 0.3865167506
vt 0.492552215 0.404296875
vt 0.49609375 0.392566777
vt 0.7115033798 0.2749023438
vt 0.7084960938 0.2866210938
vt 0.7485351562 0.2866210938
vt 0.7455278702 0.2749023438
vt 0.191185529 0.2421875
vt 0.1899414062 0.251953125
vt 0.232421875 0.251953125
vt 0.2311777523 0.2421875
vt 0.0712890625 0.2514648438
vt 0.0700449398 0.2416992188
vt 0.0300527165 0.2416992188
vt 0.0288085938 0.2514648438
vt 0.5541992188 0.2861328125
vt 0.5511919327 0.2744140625
vt 0.5171674423 0.2744140625
vt 0.5141601562 0.2861328125
vt 0.5903320312 0.2861328125
vt 0.5873110279 0.2744140625
vt 0.5591733471 0.2744140625
vt 0.5561523438 0.2861328125
vt 0.4448242188 0.25
vt 0.4435861612 0.240234375
vt 0.4182302451 0.240234375
vt 0.4169921875 0.25
vt 0.8903982138 0.240234375
vt 0.8891601562 0.25
vt 0.9169921875 0.25
vt 0.9157541299 0.240234375
vt 0.5953061596 0.2744140625
vt 0.5922851562 0.2861328125
vt 0.6264648438 0.2861328125
vt 0.6234438404 0.2744140625
vt 0.6352539062 0.5098390778
vt 0.6387697756 0.521484375
vt 0.6728515625 0.5007124858
vt 0.6642158214 0.4921875
vt 0.0009765625 0.7975096933
vt 0.0077462749 0.8046875
vt 0.0346679688 0.7718560655
vt 0.0263210108 0.7666015625
vt 0.1983084126 0.7690429688
vt 0.205078125 0.7618651621
vt 0.1797336767 0.7309570312
vt 0.1713867188 0.7362115343
vt 0.7088864744 0.521484375
vt 0.7124023438 0.5098390778
vt 0.6834404286 0.4921875
vt 0.6748046875 0.5007124858
vt 0.5272201838 0.404296875
vt 0.5307617188 0.392566777
vt 0.5067456519 0.3779296875
vt 0.498046875 0.3865167506
vt 0.875089578 0.4614257812
vt 0.8818359375 0.4542539049
vt 0.8657393863 0.4345703125
vt 0.857421875 0.4398208082
vt 0.9155273438 0.4542539049
vt 0.9222737032 0.4614257812
vt 0.9399414062 0.4398208082
vt 0.931623895 0.4345703125
vt 0.5327148438 0.392566777
vt 0.5362563787 0.404296875
vt 0.5654296875 0.3865167506
vt 0.5567309106 0.3779296875
vt 0.275390625 0.7607386611
vt 0.2843095091 0.7690429688
vt 0.3037109375 0.7339965635
vt 0.2918776172 0.7309570312
vt 0.1196289062 0.8917109097
vt 0.1288250608 0.8955078125
vt 0.1401367188 0.854416982
vt 0.1302779966 0.8530273438
vt 0.1534015017 0.8950195312
vt 0.1625976562 0.8912226285
vt 0.1519485659 0.8525390625
vt 0.1420898438 0.8539287007
vt 0.3250654909 0.7690429688
vt 0.333984375 0.7607386611
vt 0.3174973828 0.7309570312
vt 0.3056640625 0.7339965635
vt 0.1981177254 0.6201171875
vt 0.20703125 0.6118398741
vt 0.1934668372 0.5874023438
vt 0.181640625 0.5904323831
vt 0.7452228368 0.4912109375
vt 0.7543945312 0.4874314327
vt 0.7476256717 0.462890625
vt 0.7377929688 0.464273797
vt 0.8969726562 0.4874314327
vt 0.9061443507 0.4912109375
vt 0.9135742188 0.464273797
vt 0.9037415158 0.462890625
vt 0.208984375 0.6118398741
vt 0.2178978996 0.6201171875
vt 0.234375 0.5904323831
vt 0.2225487878 0.5874023438
vt 0.564453125 0.8485552139
vt 0.576171875 0.8515625
vt 0.576171875 0.8115234375
vt 0.564453125 0.8145307236
vt 0.1645507812 0.8937754085
vt 0.1743164062 0.8950195312
vt 0.1743164062 0.8525390625
vt 0.1645507812 0.8537831852
vt 0.1762695312 0.8950195312
vt 0.1860351562 0.8937754085
vt 0.1860351562 0.8537831852
vt 0.1762695312 0.8525390625
vt 0.0971679688 0.84765625
vt 0.1088867188 0.8446489639
vt 0.1088867188 0.8106244736
vt 0.0971679688 0.8076171875
vt 0.2680664062 0.69140625
vt 0.2797851562 0.6883848542
vt 0.2797851562 0.6602475658
vt 0.2680664062 0.6572265625
vt 0.4365234375 0.4907226562
vt 0.4462890625 0.4894849696
vt 0.4462890625 0.4641283116
vt 0.4365234375 0.462890625
vt 0.7563476562 0.4894849696
vt 0.7661132812 0.4907226562
vt 0.7661132812 0.462890625
vt 0.7563476562 0.4641283116
vt 0.2817382812 0.6883848542
vt 0.2934570312 0.69140625
vt 0.2934570312 0.6572265625
vt 0.2817382812 0.6602475658
vt 0.7685702564 0.5532226562
vt 0.7778320312 0.5508844734
vt 0.76344911 0.5239257812
vt 0.7563476562 0.5303135962
vt 0.5247678829 0.6557617188
vt 0.5341796875 0.6546757703
vt 0.5270611326 0.6225585938
vt 0.5180664062 0.6255260414
vt 0.9106445312 0.6546757703
vt 0.9200563359 0.6557617188
vt 0.9267578125 0.6255260414
vt 0.9177630861 0.6225585938
vt 0.7563476562 0.5196344734
vt 0.7656094311 0.5219726562
vt 0.7778320312 0.4990635962
vt 0.7707305775 0.4926757812
vt 0.8583984375 0.4019454159
vt 0.8677596983 0.404296875
vt 0.8779296875 0.3853307478
vt 0.8707523206 0.37890625
vt 0.5366210938 0.324121923
vt 0.5460252406 0.3251953125
vt 0.5502929688 0.3061547581
vt 0.541305571 0.3032226562
vt 0.5565138219 0.3251953125
vt 0.5659179688 0.324121923
vt 0.5612334915 0.3032226562
vt 0.5522460938 0.3061547581
vt 0.6693496767 0.376953125
vt 0.6787109375 0.3746016659
vt 0.6663570544 0.3515625
vt 0.6591796875 0.3579869978
vt 0.3089589832 0.349609375
vt 0.3159179688 0.3429314426
vt 0.2896309413 0.3266601562
vt 0.2866210938 0.3357824658
vt 0.166467676 0.6196289062
vt 0.1748046875 0.6152503999
vt 0.156689907 0.587890625
vt 0.1494140625 0.5938719714
vt 0.6352539062 0.6152503999
vt 0.6435909178 0.6196289062
vt 0.6606445312 0.5938719714
vt 0.6533686867 0.587890625
vt 0.3178710938 0.3429314426
vt 0.3248300793 0.349609375
vt 0.3471679688 0.3357824658
vt 0.3441581212 0.3266601562
vt 0.7788085938 0.3185161493
vt 0.7857789696 0.3251953125
vt 0.8041992188 0.3138109544
vt 0.8011842768 0.3046875
vt 0.8740234375 0.3452182965
vt 0.8822896085 0.349609375
vt 0.8930664062 0.3331466813
vt 0.8858521558 0.3271484375
vt 0.905796329 0.349609375
vt 0.9140625 0.3452182965
vt 0.9022337817 0.3271484375
vt 0.8950195312 0.3331466813
vt 0.8924436866 0.3251953125
vt 0.8994140625 0.3185161493
vt 0.8770383795 0.3046875
vt 0.8740234375 0.3138109544
vt 0.9473964878 0.25
vt 0.9497070312 0.2407226562
vt 0.9189453125 0.2407226562
vt 0.9212558559 0.25
vt 0.4794921875 0.6235165893
vt 0.4702148438 0.6225585938
vt 0.4702148438 0.6552734375
vt 0.4794921875 0.654315442
vt 0.8120117188 0.6225585938
vt 0.802734375 0.6235165893
vt 0.802734375 0.654315442
vt 0.8120117188 0.6552734375
vt 0.9516601562 0.2407226562
vt 0.9539706997 0.25
vt 0.9801113316 0.25
vt 0.982421875 0.2407226562
vt 0.234375 0.240234375
vt 0.2367055684 0.2495117188
vt 0.2584116191 0.2495117188
vt 0.2607421875 0.240234375
vt 0.6982421875 0.3037109375
vt 0.6889648438 0.3046666038
vt 0.6889648438 0.3242396462
vt 0.6982421875 0.3251953125
vt 0.7094726562 0.3046666038
vt 0.7001953125 0.3037109375
vt 0.7001953125 0.3251953125
vt 0.7094726562 0.3242396462
vt 0.2867319316 0.2495117188
vt 0.2890625 0.240234375
vt 0.2626953125 0.240234375
vt 0.2650258809 0.2495117188
vt 0.3784179688 0.3357824658
vt 0.3754081212 0.3266601562
vt 0.3491210938 0.3429314426
vt 0.3560800793 0.349609375
vt 0.6879882812 0.5938719714
vt 0.6807124367 0.587890625
vt 0.6625976562 0.6152503999
vt 0.6709346678 0.6196289062
vt 0.6972172508 0.587890625
vt 0.6899414062 0.5938719714
vt 0.7069950197 0.6196289062
vt 0.7153320312 0.6152503999
vt 0.3833809413 0.3266601562
vt 0.3803710938 0.3357824658
vt 0.4027089832 0.349609375
vt 0.4096679688 0.3429314426
vt 0.9043821295 0.3046875
vt 0.9013671875 0.3138109544
vt 0.9197874366 0.3251953125
vt 0.9267578125 0.3185161493
vt 0.9232298755 0.3271484375
vt 0.916015625 0.3331466813
vt 0.9267924228 0.349609375
vt 0.9350585938 0.3452182965
vt 0.9560546875 0.3331466813
vt 0.948840437 0.3271484375
vt 0.9370117188 0.3452182965
vt 0.9452778897 0.349609375
vt 0.9541015625 0.3138109544
vt 0.9510866205 0.3046875
vt 0.9287109375 0.3185161493
vt 0.9356813134 0.3251953125
vt 0.7358398438 0.4985753149
vt 0.72873839 0.4921875
vt 0.7143554688 0.5191461922
vt 0.7236172436 0.521484375
vt 0.7465820312 0.6250377602
vt 0.7375873049 0.6220703125
vt 0.73046875 0.654187489
vt 0.7398805546 0.6552734375
vt 0.7575298826 0.6220703125
vt 0.7485351562 0.6250377602
vt 0.7552366329 0.6552734375
vt 0.7646484375 0.654187489
vt 0.78688661 0.4921875
vt 0.7797851562 0.4985753149
vt 0.7920077564 0.521484375
vt 0.8012695312 0.5191461922
vt 0.6878414294 0.3515625
vt 0.6806640625 0.3579869978
vt 0.6908340517 0.376953125
vt 0.7001953125 0.3746016659
vt 0.5768584915 0.3032226562
vt 0.5678710938 0.3061547581
vt 0.5721388219 0.3251953125
vt 0.5815429688 0.324121923
vt 0.5971679688 0.3061547581
vt 0.588180571 0.3032226562
vt 0.5834960938 0.324121923
vt 0.5929002406 0.3251953125
vt 0.7216796875 0.3579869978
vt 0.7145023206 0.3515625
vt 0.7021484375 0.3746016659
vt 0.7115096983 0.376953125
vt 0.1625976562 0.557486354
vt 0.1533203125 0.5551757812
vt 0.1533203125 0.5859375
vt 0.1625976562 0.5836269273
vt 0.2524414062 0.623028308
vt 0.2431640625 0.6220703125
vt 0.2431640625 0.6547851562
vt 0.2524414062 0.65382677
vt 0.3295898438 0.6220703125
vt 0.3203125 0.623028308
vt 0.3203125 0.65382677
vt 0.3295898438 0.6547851562
vt 0.173828125 0.5551757812
vt 0.1645507812 0.557486354
vt 0.1645507812 0.5836269273
vt 0.173828125 0.5859375
vt 0.5766601562 0.3779296875
vt 0.5673828125 0.3802602907
vt 0.5673828125 0.4019666654
vt 0.5766601562 0.404296875
vt 0.720703125 0.3037109375
vt 0.7114257812 0.3046666038
vt 0.7114257812 0.3242396462
vt 0.720703125 0.3251953125
vt 0.7319335938 0.3046666038
vt 0.72265625 0.3037109375
vt 0.72265625 0.3251953125
vt 0.7319335938 0.3242396462
vt 0.587890625 0.3802602907
vt 0.5786132812 0.3779296875
vt 0.5786132812 0.404296875
vt 0.587890625 0.4019666654
vt 0.8124844311 0.4921875
vt 0.8032226562 0.4945256828
vt 0.8176055775 0.521484375
vt 0.8247070312 0.5150965601
vt 0.7760131886 0.6220703125
vt 0.7666015625 0.6231566894
vt 0.773720307 0.6552734375
vt 0.7827148438 0.6523055865
vt 0.80078125 0.6231566894
vt 0.7913696239 0.6220703125
vt 0.7846679688 0.6523055865
vt 0.7936625055 0.6552734375
vt 0.8481445312 0.4945256828
vt 0.8388827564 0.4921875
vt 0.8266601562 0.5150965601
vt 0.83376161 0.521484375
vt 0.7431640625 0.3539135988
vt 0.7338027875 0.3515625
vt 0.7236328125 0.3705289238
vt 0.7308101967 0.376953125
vt 0.6245117188 0.3042960458
vt 0.6151075719 0.3032226562
vt 0.6108398438 0.3222632106
vt 0.6198272415 0.3251953125
vt 0.6358689906 0.3032226562
vt 0.6264648438 0.3042960458
vt 0.631149321 0.3251953125
vt 0.6401367188 0.3222632106
vt 0.7544784625 0.3515625
vt 0.7451171875 0.3539135988
vt 0.7574710533 0.376953125
vt 0.7646484375 0.3705289238
vt 0.4185800908 0.3266601562
vt 0.4116210938 0.3333379648
vt 0.4379081077 0.349609375
vt 0.4409179688 0.3404872258
vt 0.9717157474 0.5561523438
vt 0.9633789062 0.560531198
vt 0.9814938678 0.587890625
vt 0.9887695312 0.5819091862
vt 0.8579101562 0.5590663542
vt 0.8495733151 0.5546875
vt 0.8325195312 0.5804443425
vt 0.8397951947 0.5864257812
vt 0.4721679688 0.3333379648
vt 0.4652089717 0.3266601562
vt 0.4428710938 0.3404872258
vt 0.4458809548 0.349609375
vt 0.0263671875 0.3108779896
vt 0.0193967947 0.3041992188
vt 0.0009765625 0.3155835974
vt 0.003991525 0.3247070312
vt 0.9770507812 0.331539516
vt 0.9687846103 0.3271484375
vt 0.9580078125 0.3436111312
vt 0.965222063 0.349609375
vt 0.0092427335 0.3266601562
vt 0.0009765625 0.3310512347
vt 0.0128052808 0.3491210938
vt 0.0200195312 0.3431228499
vt 0.0352907053 0.3041992188
vt 0.0283203125 0.3108779896
vt 0.050695975 0.3247070312
vt 0.0537109375 0.3155835974
vt 0.2933261684 0.240234375
vt 0.291015625 0.2495117188
vt 0.3217773438 0.2495117188
vt 0.3194668003 0.240234375
vt 0.0732421875 0.6533388795
vt 0.0825195312 0.654296875
vt 0.0825195312 0.6215820312
vt 0.0732421875 0.6225400268
vt 0.0009765625 0.6538085938
vt 0.0102539062 0.6528505982
vt 0.0102539062 0.6220517455
vt 0.0009765625 0.62109375
vt 0.3544921875 0.2495117188
vt 0.3521816441 0.240234375
vt 0.3260410122 0.240234375
vt 0.3237304688 0.2495117188
vt 0.3828125 0.2495117188
vt 0.3804819316 0.240234375
vt 0.3587758809 0.240234375
vt 0.3564453125 0.2495117188
vt 0.7338867188 0.3251953125
vt 0.7431640625 0.3242396462
vt 0.7431640625 0.3046666038
vt 0.7338867188 0.3037109375
vt 0.7451171875 0.3242396462
vt 0.7543945312 0.3251953125
vt 0.7543945312 0.3037109375
vt 0.7451171875 0.3046666038
vt 0.3870961934 0.240234375
vt 0.384765625 0.2495117188
vt 0.4111328125 0.2495117188
vt 0.4088022441 0.240234375
vt 0.4741210938 0.3404872258
vt 0.4771309548 0.349609375
vt 0.5034179688 0.3333379648
vt 0.4964589717 0.3266601562
vt 0.0009765625 0.5799560612
vt 0.008252226 0.5859375
vt 0.0263671875 0.558578073
vt 0.0180303464 0.5541992188
vt 0.046435274 0.5859375
vt 0.0537109375 0.5799560612
vt 0.0366571536 0.5541992188
vt 0.0283203125 0.558578073
vt 0.5316581077 0.349609375
vt 0.5346679688 0.3404872258
vt 0.5123300908 0.3266601562
vt 0.5053710938 0.3333379648
vt 0.3089967562 0.3247070312
vt 0.3120117188 0.3155835974
vt 0.2935914865 0.3041992188
vt 0.2866210938 0.3108779896
vt 0.0338013745 0.3491210938
vt 0.041015625 0.3431228499
vt 0.0302388272 0.3266601562
vt 0.0219726562 0.3310512347
vt 0.04296875 0.3431228499
vt 0.0501830005 0.3491210938
vt 0.0620117188 0.3310512347
vt 0.0537455478 0.3266601562
vt 0.3139648438 0.3155835974
vt 0.3169798063 0.3247070312
vt 0.3393554688 0.3108779896
vt 0.332385076 0.3041992188
vt 0.8500976562 0.5150965601
vt 0.85719911 0.521484375
vt 0.8715820312 0.4945256828
vt 0.8623202564 0.4921875
vt 0.8452148438 0.6523055865
vt 0.8542093805 0.6552734375
vt 0.861328125 0.6231566894
vt 0.8519164989 0.6220703125
vt 0.8703999945 0.6552734375
vt 0.8793945312 0.6523055865
vt 0.8726928761 0.6220703125
vt 0.86328125 0.6231566894
vt 0.8879180775 0.521484375
vt 0.8950195312 0.5150965601
vt 0.8827969311 0.4921875
vt 0.8735351562 0.4945256828
vt 0.7789554283 0.376953125
vt 0.7861328125 0.3705289238
vt 0.7759628375 0.3515625
vt 0.7666015625 0.3539135988
vt 0.662399321 0.3251953125
vt 0.6713867188 0.3222632106
vt 0.6671189906 0.3032226562
vt 0.6577148438 0.3042960458
vt 0.6733398438 0.3222632106
vt 0.6823272415 0.3251953125
vt 0.6870117188 0.3042960458
vt 0.6776075719 0.3032226562
vt 0.7880859375 0.3705289238
vt 0.7952633217 0.376953125
vt 0.8076171875 0.3539135988
vt 0.7982559125 0.3515625
vt 0.7622070312 0.5836269273
vt 0.771484375 0.5859375
vt 0.771484375 0.5551757812
vt 0.7622070312 0.557486354
vt 0.0122070312 0.6528502075
vt 0.021484375 0.6538085938
vt 0.021484375 0.62109375
vt 0.0122070312 0.6220517455
vt 0.4702148438 0.6206054688
vt 0.4794921875 0.6196470825
vt 0.4794921875 0.5888486205
vt 0.4702148438 0.587890625
vt 0.7734375 0.5859375
vt 0.7827148438 0.5836269273
vt 0.7827148438 0.557486354
vt 0.7734375 0.5551757812
vt 0.58984375 0.404296875
vt 0.5991210938 0.4019666654
vt 0.5991210938 0.3802602907
vt 0.58984375 0.3779296875
vt 0.7563476562 0.3251953125
vt 0.765625 0.3242396462
vt 0.765625 0.3046666038
vt 0.7563476562 0.3037109375
vt 0.767578125 0.3242396462
vt 0.7768554688 0.3251953125
vt 0.7768554688 0.3037109375
vt 0.767578125 0.3046666038
vt 0.6010742188 0.4019666654
vt 0.6103515625 0.404296875
vt 0.6103515625 0.3779296875
vt 0.6010742188 0.3802602907
vn 0.984807753 0.1736481777 0
vn -0.984807753 -0.1736481777 0
vn -0.1736481777 0.984807753 0
vn 0.1736481777 -0.984807753 0
vn 0 0 1
vn 0 0 -1
vn 0.9236870066 0.3831479008 0
vn -0.9990261639 0.0441216927 0
vn -0.0376695787 0.2136347967 0.9761870602
vn -0.0376695787 0.2136347967 -0.9761870602
vn 0.9990261639 -0.0441216927 0
vn -0.9236870066 -0.3831479008 0
vn 0.0376695787 -0.2136347967 0.9761870602
vn 0.0376695787 -0.2136347967 -0.9761870602
vn 0.6963642403 0.122787804 -0.7071067812
vn 0.6963642403 0.122787804 0.7071067812
vn -0.6963642403 -0.122787804 -0.7071067812
vn -0.6963642403 -0.122787804 0.7071067812
vn 0.7148785746 -0.0315723991 0.6985354731
vn -0.6609677248 -0.274171223 0.6985354731
vn 0.7148785746 -0.0315723991 -0.6985354731
vn -0.6609677248 -0.274171223 -0.6985354731
vn 0.6609677248 0.274171223 0.6985354731
vn -0.7148785746 0.0315723991 0.6985354731
vn 0.6609677248 0.274171223 -0.6985354731
vn -0.7148785746 0.0315723991 -0.6985354731
vn 1 0 0
vn 0 0.5 0.8660254038
vn -1 0 0
vn 1 0 0
vn 0 0.8660254038 0.5
vn -1 0 0
vn 1 0 0
vn 0 1 0
vn -1 0 0
vn 1 0 0
vn 0 0.8660254038 -0.5
vn -1 0 0
vn 1 0 0
vn 0 0.5 -0.8660254038
vn -1 0 0
vn 1 0 0
vn 0 0 -1
vn -1 0 0
vn 1 0 0
vn 0 -0.5 -0.8660254038
vn -1 0 0
vn 1 0 0
vn 0 -0.8660254038 -0.5
vn -1 0 0
vn 1 0 0
vn 0 -1 0
vn -1 0 0
vn 1 0 0
vn 0 -0.8660254038 0.5
vn -1 0 0
vn 1 0 0
vn 0 -0.5 0.8660254038
vn -1 0 0
vn 1 0 0
vn 0 0 1
vn -1 0 0
vn -0.9358490119 0.176200615 0.3051884176
vn -0.414624419 0.4549963162 0.788076737
vn 0.414624419 0.4549963162 0.788076737
vn 0.9358490119 0.176200615 0.3051884176
vn 0.9358490119 -0.176200615 -0.3051884176
vn 0.414624419 -0.4549963162 -0.788076737
vn -0.414624419 -0.4549963162 -0.788076737
vn -0.9358490119 -0.176200615 -0.3051884176
vn -0.9358490119 0.3051884176 0.176200615
vn -0.414624419 0.788076737 0.4549963162
vn 0.414624419 0.788076737 0.4549963162
vn 0.9358490119 0.3051884176 0.176200615
vn 0.9358490119 -0.3051884176 -0.176200615
vn 0.414624419 -0.788076737 -0.4549963162
vn -0.414624419 -0.788076737 -0.4549963162
vn -0.9358490119 -0.3051884176 -0.176200615
vn -0.9358490119 0.3524012301 0
vn -0.414624419 0.9099926325 0
vn 0.414624419 0.9099926325 0
vn 0.9358490119 0.3524012301 0
vn 0.9358490119 -0.3524012301 0
vn 0.414624419 -0.9099926325 0
vn -0.414624419 -0.9099926325 0
vn -0.9358490119 -0.3524012301 0
vn -0.9358490119 0.3051884176 -0.176200615
vn -0.414624419 0.788076737 -0.4549963162
vn 0.414624419 0.788076737 -0.4549963162
vn 0.9358490119 0.3051884176 -0.176200615
vn 0.9358490119 -0.3051884176 0.176200615
vn 0.414624419 -0.788076737 0.4549963162
vn -0.414624419 -0.788076737 0.4549963162
vn -0.9358490119 -0.3051884176 0.176200615
vn -0.9358490119 0.176200615 -0.3051884176
vn -0.414624419 0.4549963162 -0.788076737
vn 0.414624419 0.4549963162 -0.788076737
vn 0.9358490119 0.176200615 -0.3051884176
vn 0.9358490119 -0.176200615 0.3051884176
vn 0.414624419 -0.4549963162 0.788076737
vn -0.414624419 -0.4549963162 0.788076737
vn -0.9358490119 -0.176200615 0.3051884176
vn -0.9358490119 0 -0.3524012301
vn -0.414624419 0 -0.9099926325
vn 0.414624419 0 -0.9099926325
vn 0.9358490119 0 -0.3524012301
vn 0.9358490119 0 0.3524012301
vn 0.414624419 0 0.9099926325
vn -0.414624419 0 0.9099926325
vn -0.9358490119 0 0.3524012301
vn -0.9358490119 -0.176200615 -0.3051884176
vn -0.414624419 -0.4549963162 -0.788076737
vn 0.414624419 -0.4549963162 -0.788076737
vn 0.9358490119 -0.176200615 -0.3051884176
vn 0.9358490119 0.176200615 0.3051884176
vn 0.414624419 0.4549963162 0.788076737
vn -0.414624419 0.4549963162 0.788076737
vn -0.9358490119 0.176200615 0.3051884176
vn -0.9358490119 -0.3051884176 -0.176200615
vn -0.414624419 -0.788076737 -0.4549963162
vn 0.414624419 -0.788076737 -0.4549963162
vn 0.9358490119 -0.3051884176 -0.176200615
vn 0.9358490119 0.3051884176 0.176200615
vn 0.414624419 0.788076737 0.4549963162
vn -0.414624419 0.788076737 0.4549963162
vn -0.9358490119 0.3051884176 0.176200615
vn -0.9358490119 -0.3524012301 0
vn -0.414624419 -0.9099926325 0
vn 0.414624419 -0.9099926325 0
vn 0.9358490119 -0.3524012301 0
vn 0.9358490119 0.3524012301 0
vn 0.414624419 0.9099926325 0
vn -0.414624419 0.9099926325 0
vn -0.9358490119 0.3524012301 0
vn -0.9358490119 -0.3051884176 0.176200615
vn -0.414624419 -0.788076737 0.4549963162
vn 0.414624419 -0.788076737 0.4549963162
vn 0.9358490119 -0.3051884176 0.176200615
vn 0.9358490119 0.3051884176 -0.176200615
vn 0.414624419 0.788076737 -0.4549963162
vn -0.414624419 0.788076737 -0.4549963162
vn -0.9358490119 0.3051884176 -0.176200615
vn -0.9358490119 -0.176200615 0.3051884176
vn -0.414624419 -0.4549963162 0.788076737
vn 0.414624419 -0.4549963162 0.788076737
vn 0.9358490119 -0.176200615 0.3051884176
vn 0.9358490119 0.176200615 -0.3051884176
vn 0.414624419 0.4549963162 -0.788076737
vn -0.414624419 0.4549963162 -0.788076737
vn -0.9358490119 0.176200615 -0.3051884176
vn -0.9358490119 0 0.3524012301
vn -0.414624419 0 0.9099926325
vn 0.414624419 0 0.9099926325
vn 0.9358490119 0 0.3524012301
vn 0.9358490119 0 -0.3524012301
vn 0.414624419 0 -0.9099926325
vn -0.414624419 0 -0.9099926325
vn -0.9358490119 0 -0.3524012301
vn 1 0 0
vn 0 0.5 0.8660254038
vn -1 0 0
vn 1 0 0
vn 0 0.8660254038 0.5
vn -1 0 0
vn 1 0 0
vn 0 1 0
vn -1 0 0
vn 1 0 0
vn 0 0.8660254038 -0.5
vn -1 0 0
vn 1 0 0
vn 0 0.5 -0.8660254038
vn -1 0 0
vn 1 0 0
vn 0 0 -1
vn -1 0 0
vn 1 0 0
vn 0 -0.5 -0.8660254038
vn -1 0 0
vn 1 0 0
vn 0 -0.8660254038 -0.5
vn -1 0 0
vn 1 0 0
vn 0 -1 0
vn -1 0 0
vn 1 0 0
vn 0 -0.8660254038 0.5
vn -1 0 0
vn 1 0 0
vn 0 -0.5 0.8660254038
vn -1 0 0
vn 1 0 0
vn 0 0 1
vn -1 0 0
vn -0.9639233204 0.1330900375 0.2305187069
vn -0.5277495276 0.4247000224 0.7356020168
vn 0.5277495276 0.4247000224 0.7356020168
vn 0.9639233204 0.1330900375 0.2305187069
vn 0.9639233204 -0.1330900375 -0.2305187069
vn 0.5277495276 -0.4247000224 -0.7356020168
vn -0.5277495276 -0.4247000224 -0.7356020168
vn -0.9639233204 -0.1330900375 -0.2305187069
vn -0.9639233204 0.2305187069 0.1330900375
vn -0.5277495276 0.7356020168 0.4247000224
vn 0.5277495276 0.7356020168 0.4247000224
vn 0.9639233204 0.2305187069 0.1330900375
vn 0.9639233204 -0.2305187069 -0.1330900375
vn 0.5277495276 -0.7356020168 -0.4247000224
vn -0.5277495276 -0.7356020168 -0.4247000224
vn -0.9639233204 -0.2305187069 -0.1330900375
vn -0.9639233204 0.2661800749 0
vn -0.5277495276 0.8494000448 0
vn 0.5277495276 0.8494000448 0
vn 0.9639233204 0.2661800749 0
vn 0.9639233204 -0.2661800749 0
vn 0.5277495276 -0.8494000448 0
vn -0.5277495276 -0.8494000448 0
vn -0.9639233204 -0.2661800749 0
vn -0.9639233204 0.2305187069 -0.1330900375
vn -0.5277495276 0.7356020168 -0.4247000224
vn 0.5277495276 0.7356020168 -0.4247000224
vn 0.9639233204 0.2305187069 -0.1330900375
vn 0.9639233204 -0.2305187069 0.1330900375
vn 0.5277495276 -0.7356020168 0.4247000224
vn -0.5277495276 -0.7356020168 0.4247000224
vn -0.9639233204 -0.2305187069 0.1330900375
vn -0.9639233204 0.1330900375 -0.2305187069
vn -0.5277495276 0.4247000224 -0.7356020168
vn 0.5277495276 0.4247000224 -0.7356020168
vn 0.9639233204 0.1330900375 -0.2305187069
vn 0.9639233204 -0.1330900375 0.2305187069
vn 0.5277495276 -0.4247000224 0.7356020168
vn -0.5277495276 -0.4247000224 0.7356020168
vn -0.9639233204 -0.1330900375 0.2305187069
vn -0.9639233204 0 -0.2661800749
vn -0.5277495276 0 -0.8494000448
vn 0.5277495276 0 -0.8494000448
vn 0.9639233204 0 -0.2661800749
vn 0.9639233204 0 0.2661800749
vn 0.5277495276 0 0.8494000448
vn -0.5277495276 0 0.8494000448
vn -0.9639233204 0 0.2661800749
vn -0.9639233204 -0.1330900375 -0.2305187069
vn -0.5277495276 -0.4247000224 -0.7356020168
vn 0.5277495276 -0.4247000224 -0.7356020168
vn 0.9639233204 -0.1330900375 -0.2305187069
vn 0.9639233204 0.1330900375 0.2305187069
vn 0.5277495276 0.4247000224 0.7356020168
vn -0.5277495276 0.4247000224 0.7356020168
vn -0.9639233204 0.1330900375 0.2305187069
vn -0.9639233204 -0.2305187069 -0.1330900375
vn -0.5277495276 -0.7356020168 -0.4247000224
vn 0.5277495276 -0.7356020168 -0.4247000224
vn 0.9639233204 -0.2305187069 -0.1330900375
vn 0.9639233204 0.2305187069 0.1330900375
vn 0.5277495276 0.7356020168 0.4247000224
vn -0.5277495276 0.7356020168 0.4247000224
vn -0.9639233204 0.2305187069 0.1330900375
vn -0.9639233204 -0.2661800749 0
vn -0.5277495276 -0.8494000448 0
vn 0.5277495276 -0.8494000448 0
vn 0.9639233204 -0.2661800749 0
vn 0.9639233204 0.2661800749 0
vn 0.5277495276 0.8494000448 0
vn -0.5277495276 0.8494000448 0
vn -0.9639233204 0.2661800749 0
vn -0.9639233204 -0.2305187069 0.1330900375
vn -0.5277495276 -0.7356020168 0.4247000224
vn 0.5277495276 -0.7356020168 0.4247000224
vn 0.9639233204 -0.2305187069 0.1330900375
vn 0.9639233204 0.2305187069 -0.1330900375
vn 0.5277495276 0.7356020168 -0.4247000224
vn -0.5277495276 0.7356020168 -0.4247000224
vn -0.9639233204 0.2305187069 -0.1330900375
vn -0.9639233204 -0.1330900375 0.2305187069
vn -0.5277495276 -0.4247000224 0.7356020168
vn 0.5277495276 -0.4247000224 0.7356020168
vn 0.9639233204 -0.1330900375 0.2305187069
vn 0.9639233204 0.1330900375 -0.2305187069
vn 0.5277495276 0.4247000224 -0.7356020168
vn -0.5277495276 0.4247000224 -0.7356020168
vn -0.9639233204 0.1330900375 -0.2305187069
vn -0.9639233204 0 0.2661800749
vn -0.5277495276 0 0.8494000448
vn 0.5277495276 0 0.8494000448
vn 0.9639233204 0 0.2661800749
vn 0.9639233204 0 -0.2661800749
vn 0.5277495276 0 -0.8494000448
vn -0.5277495276 0 -0.8494000448
vn -0.9639233204 0 -0.2661800749
vn -0.9680852138 0.1253106328 0.2170443828
vn -0.5524331286 0.4167786098 0.7218817277
vn 0.5524331286 0.4167786098 0.7218817277
vn 0.9680852138 0.1253106328 0.2170443828
vn 0.9680852138 -0.1253106328 -0.2170443828
vn 0.5524331286 -0.4167786098 -0.7218817277
vn -0.5524331286 -0.4167786098 -0.7218817277
vn -0.9680852138 -0.1253106328 -0.2170443828
vn -0.9680852138 0.2170443828 0.1253106328
vn -0.5524331286 0.7218817277 0.4167786098
vn 0.5524331286 0.7218817277 0.4167786098
vn 0.9680852138 0.2170443828 0.1253106328
vn 0.9680852138 -0.2170443828 -0.1253106328
vn 0.5524331286 -0.7218817277 -0.4167786098
vn -0.5524331286 -0.7218817277 -0.4167786098
vn -0.9680852138 -0.2170443828 -0.1253106328
vn -0.9680852138 0.2506212657 0
vn -0.5524331286 0.8335572196 0
vn 0.5524331286 0.8335572196 0
vn 0.9680852138 0.2506212657 0
vn 0.9680852138 -0.2506212657 0
vn 0.5524331286 -0.8335572196 0
vn -0.5524331286 -0.8335572196 0
vn -0.9680852138 -0.2506212657 0
vn -0.9680852138 0.2170443828 -0.1253106328
vn -0.5524331286 0.7218817277 -0.4167786098
vn 0.5524331286 0.7218817277 -0.4167786098
vn 0.9680852138 0.2170443828 -0.1253106328
vn 0.9680852138 -0.2170443828 0.1253106328
vn 0.5524331286 -0.7218817277 0.4167786098
vn -0.5524331286 -0.7218817277 0.4167786098
vn -0.9680852138 -0.2170443828 0.1253106328
vn -0.9680852138 0.1253106328 -0.2170443828
vn -0.5524331286 0.4167786098 -0.7218817277
vn 0.5524331286 0.4167786098 -0.7218817277
vn 0.9680852138 0.1253106328 -0.2170443828
vn 0.9680852138 -0.1253106328 0.2170443828
vn 0.5524331286 -0.4167786098 0.7218817277
vn -0.5524331286 -0.4167786098 0.7218817277
vn -0.9680852138 -0.1253106328 0.2170443828
vn -0.9680852138 0 -0.2506212657
vn -0.5524331286 0 -0.8335572196
vn 0.5524331286 0 -0.8335572196
vn 0.9680852138 0 -0.2506212657
vn 0.9680852138 0 0.2506212657
vn 0.5524331286 0 0.8335572196
vn -0.5524331286 0 0.8335572196
vn -0.9680852138 0 0.2506212657
vn -0.9680852138 -0.1253106328 -0.2170443828
vn -0.5524331286 -0.4167786098 -0.7218817277
vn 0.5524331286 -0.4167786098 -0.7218817277
vn 0.9680852138 -0.1253106328 -0.2170443828
vn 0.9680852138 0.1253106328 0.2170443828
vn 0.5524331286 0.4167786098 0.7218817277
vn -0.5524331286 0.4167786098 0.7218817277
vn -0.9680852138 0.1253106328 0.2170443828
vn -0.9680852138 -0.2170443828 -0.1253106328
vn -0.5524331286 -0.7218817277 -0.4167786098
vn 0.5524331286 -0.7218817277 -0.4167786098
vn 0.9680852138 -0.2170443828 -0.1253106328
vn 0.9680852138 0.2170443828 0.1253106328
vn 0.5524331286 0.7218817277 0.4167786098
vn -0.5524331286 0.7218817277 0.4167786098
vn -0.9680852138 0.2170443828 0.1253106328
vn -0.9680852138 -0.2506212657 0
vn -0.5524331286 -0.8335572196 0
vn 0.5524331286 -0.8335572196 0
vn 0.9680852138 -0.2506212657 0
vn 0.9680852138 0.2506212657 0
vn 0.5524331286 0.8335572196 0
vn -0.5524331286 0.8335572196 0
vn -0.9680852138 0.2506212657 0
vn -0.9680852138 -0.2170443828 0.1253106328
vn -0.5524331286 -0.7218817277 0.4167786098
vn 0.5524331286 -0.7218817277 0.4167786098
vn 0.9680852138 -0.2170443828 0.1253106328
vn 0.9680852138 0.2170443828 -0.1253106328
vn 0.5524331286 0.7218817277 -0.4167786098
vn -0.5524331286 0.7218817277 -0.4167786098
vn -0.9680852138 0.2170443828 -0.1253106328
vn -0.9680852138 -0.1253106328 0.2170443828
vn -0.5524331286 -0.4167786098 0.7218817277
vn 0.5524331286 -0.4167786098 0.7218817277
vn 0.9680852138 -0.1253106328 0.2170443828
vn 0.9680852138 0.1253106328 -0.2170443828
vn 0.5524331286 0.4167786098 -0.7218817277
vn -0.5524331286 0.4167786098 -0.7218817277
vn -0.9680852138 0.1253106328 -0.2170443828
vn -0.9680852138 0 0.2506212657
vn -0.5524331286 0 0.8335572196
vn 0.5524331286 0 0.8335572196
vn 0.9680852138 0 0.2506212657
vn 0.9680852138 0 -0.2506212657
vn 0.5524331286 0 -0.8335572196
vn -0.5524331286 0 -0.8335572196
vn -0.9680852138 0 -0.2506212657
vn -0.9589102107 0.1418548623 0.2456998288
vn -0.5016527015 0.4325345556 0.7491718263
vn 0.5016527015 0.4325345556 0.7491718263
vn 0.9589102107 0.1418548623 0.2456998288
vn 0.9589102107 -0.1418548623 -0.2456998288
vn 0.5016527015 -0.4325345556 -0.7491718263
vn -0.5016527015 -0.4325345556 -0.7491718263
vn -0.9589102107 -0.1418548623 -0.2456998288
vn -0.9589102107 0.2456998288 0.1418548623
vn -0.5016527015 0.7491718263 0.4325345556
vn 0.5016527015 0.7491718263 0.4325345556
vn 0.9589102107 0.2456998288 0.1418548623
vn 0.9589102107 -0.2456998288 -0.1418548623
vn 0.5016527015 -0.7491718263 -0.4325345556
vn -0.5016527015 -0.7491718263 -0.4325345556
vn -0.9589102107 -0.2456998288 -0.1418548623
vn -0.9589102107 0.2837097246 0
vn -0.5016527015 0.8650691111 0
vn 0.5016527015 0.8650691111 0
vn 0.9589102107 0.2837097246 0
vn 0.9589102107 -0.2837097246 0
vn 0.5016527015 -0.8650691111 0
vn -0.5016527015 -0.8650691111 0
vn -0.9589102107 -0.2837097246 0
vn -0.9589102107 0.2456998288 -0.1418548623
vn -0.5016527015 0.7491718263 -0.4325345556
vn 0.5016527015 0.7491718263 -0.4325345556
vn 0.9589102107 0.2456998288 -0.1418548623
vn 0.9589102107 -0.2456998288 0.1418548623
vn 0.5016527015 -0.7491718263 0.4325345556
vn -0.5016527015 -0.7491718263 0.4325345556
vn -0.9589102107 -0.2456998288 0.1418548623
vn -0.9589102107 0.1418548623 -0.2456998288
vn -0.5016527015 0.4325345556 -0.7491718263
vn 0.5016527015 0.4325345556 -0.7491718263
vn 0.9589102107 0.1418548623 -0.2456998288
vn 0.9589102107 -0.1418548623 0.2456998288
vn 0.5016527015 -0.4325345556 0.7491718263
vn -0.5016527015 -0.4325345556 0.7491718263
vn -0.9589102107 -0.1418548623 0.2456998288
vn -0.9589102107 0 -0.2837097246
vn -0.5016527015 0 -0.8650691111
vn 0.5016527015 0 -0.8650691111
vn 0.9589102107 0 -0.2837097246
vn 0.9589102107 0 0.2837097246
vn 0.5016527015 0 0.8650691111
vn -0.5016527015 0 0.8650691111
vn -0.9589102107 0 0.2837097246
vn -0.9589102107 -0.1418548623 -0.2456998288
vn -0.5016527015 -0.4325345556 -0.7491718263
vn 0.5016527015 -0.4325345556 -0.7491718263
vn 0.9589102107 -0.1418548623 -0.2456998288
vn 0.9589102107 0.1418548623 0.2456998288
vn 0.5016527015 0.4325345556 0.7491718263
vn -0.5016527015 0.4325345556 0.7491718263
vn -0.9589102107 0.1418548623 0.2456998288
vn -0.9589102107 -0.2456998288 -0.1418548623
vn -0.5016527015 -0.7491718263 -0.4325345556
vn 0.5016527015 -0.7491718263 -0.4325345556
vn 0.9589102107 -0.2456998288 -0.1418548623
vn 0.9589102107 0.2456998288 0.1418548623
vn 0.5016527015 0.7491718263 0.4325345556
vn -0.5016527015 0.7491718263 0.4325345556
vn -0.9589102107 0.2456998288 0.1418548623
vn -0.9589102107 -0.2837097246 0
vn -0.5016527015 -0.8650691111 0
vn 0.5016527015 -0.8650691111 0
vn 0.9589102107 -0.2837097246 0
vn 0.9589102107 0.2837097246 0
vn 0.5016527015 0.8650691111 0
vn -0.5016527015 0.8650691111 0
vn -0.9589102107 0.2837097246 0
vn -0.9589102107 -0.2456998288 0.1418548623
vn -0.5016527015 -0.7491718263 0.4325345556
vn 0.5016527015 -0.7491718263 0.4325345556
vn 0.9589102107 -0.2456998288 0.1418548623
vn 0.9589102107 0.2456998288 -0.1418548623
vn 0.5016527015 0.7491718263 -0.4325345556
vn -0.5016527015 0.7491718263 -0.4325345556
vn -0.9589102107 0.2456998288 -0.1418548623
vn -0.9589102107 -0.1418548623 0.2456998288
vn -0.5016527015 -0.4325345556 0.7491718263
vn 0.5016527015 -0.4325345556 0.7491718263
vn 0.9589102107 -0.1418548623 0.2456998288
vn 0.9589102107 0.1418548623 -0.2456998288
vn 0.5016527015 0.4325345556 -0.7491718263
vn -0.5016527015 0.4325345556 -0.7491718263
vn -0.9589102107 0.1418548623 -0.2456998288
vn -0.9589102107 0 0.2837097246
vn -0.5016527015 0 0.8650691111
vn 0.5016527015 0 0.8650691111
vn 0.9589102107 0 0.2837097246
vn 0.9589102107 0 -0.2837097246
vn 0.5016527015 0 -0.8650691111
vn -0.5016527015 0 -0.8650691111
vn -0.9589102107 0 -0.2837097246
vn -0.9452708632 0.1631433382 0.2825725507
vn -0.4451035169 0.4477395614 0.7755076688
vn 0.4451035169 0.4477395614 0.7755076688
vn 0.9452708632 0.1631433382 0.2825725507
vn 0.9452708632 -0.1631433382 -0.2825725507
vn 0.4451035169 -0.4477395614 -0.7755076688
vn -0.4451035169 -0.4477395614 -0.7755076688
vn -0.9452708632 -0.1631433382 -0.2825725507
vn -0.9452708632 0.2825725507 0.1631433382
vn -0.4451035169 0.7755076688 0.4477395614
vn 0.4451035169 0.7755076688 0.4477395614
vn 0.9452708632 0.2825725507 0.1631433382
vn 0.9452708632 -0.2825725507 -0.1631433382
vn 0.4451035169 -0.7755076688 -0.4477395614
vn -0.4451035169 -0.7755076688 -0.4477395614
vn -0.9452708632 -0.2825725507 -0.1631433382
vn -0.9452708632 0.3262866764 0
vn -0.4451035169 0.8954791227 0
vn 0.4451035169 0.8954791227 0
vn 0.9452708632 0.3262866764 0
vn 0.9452708632 -0.3262866764 0
vn 0.4451035169 -0.8954791227 0
vn -0.4451035169 -0.8954791227 0
vn -0.9452708632 -0.3262866764 0
vn -0.9452708632 0.2825725507 -0.1631433382
vn -0.4451035169 0.7755076688 -0.4477395614
vn 0.4451035169 0.7755076688 -0.4477395614
vn 0.9452708632 0.2825725507 -0.1631433382
vn 0.9452708632 -0.2825725507 0.1631433382
vn 0.4451035169 -0.7755076688 0.4477395614
vn -0.4451035169 -0.7755076688 0.4477395614
vn -0.9452708632 -0.2825725507 0.1631433382
vn -0.9452708632 0.1631433382 -0.2825725507
vn -0.4451035169 0.4477395614 -0.7755076688
vn 0.4451035169 0.4477395614 -0.7755076688
vn 0.9452708632 0.1631433382 -0.2825725507
vn 0.9452708632 -0.1631433382 0.2825725507
vn 0.4451035169 -0.4477395614 0.7755076688
vn -0.4451035169 -0.4477395614 0.7755076688
vn -0.9452708632 -0.1631433382 0.2825725507
vn -0.9452708632 0 -0.3262866764
vn -0.4451035169 0 -0.8954791227
vn 0.4451035169 0 -0.8954791227
vn 0.9452708632 0 -0.3262866764
vn 0.9452708632 0 0.3262866764
vn 0.4451035169 0 0.8954791227
vn -0.4451035169 0 0.8954791227
vn -0.9452708632 0 0.3262866764
vn -0.9452708632 -0.1631433382 -0.2825725507
vn -0.4451035169 -0.4477395614 -0.7755076688
vn 0.4451035169 -0.4477395614 -0.7755076688
vn 0.9452708632 -0.1631433382 -0.2825725507
vn 0.9452708632 0.1631433382 0.2825725507
vn 0.4451035169 0.4477395614 0.7755076688
vn -0.4451035169 0.4477395614 0.7755076688
vn -0.9452708632 0.1631433382 0.2825725507
vn -0.9452708632 -0.2825725507 -0.1631433382
vn -0.4451035169 -0.7755076688 -0.4477395614
vn 0.4451035169 -0.7755076688 -0.4477395614
vn 0.9452708632 -0.2825725507 -0.1631433382
vn 0.9452708632 0.2825725507 0.1631433382
vn 0.4451035169 0.7755076688 0.4477395614
vn -0.4451035169 0.7755076688 0.4477395614
vn -0.9452708632 0.2825725507 0.1631433382
vn -0.9452708632 -0.3262866764 0
vn -0.4451035169 -0.8954791227 0
vn 0.4451035169 -0.8954791227 0
vn 0.9452708632 -0.3262866764 0
vn 0.9452708632 0.3262866764 0
vn 0.4451035169 0.8954791227 0
vn -0.4451035169 0.8954791227 0
vn -0.9452708632 0.3262866764 0
vn -0.9452708632 -0.2825725507 0.1631433382
vn -0.4451035169 -0.7755076688 0.4477395614
vn 0.4451035169 -0.7755076688 0.4477395614
vn 0.9452708632 -0.2825725507 0.1631433382
vn 0.9452708632 0.2825725507 -0.1631433382
vn 0.4451035169 0.7755076688 -0.4477395614
vn -0.4451035169 0.7755076688 -0.4477395614
vn -0.9452708632 0.2825725507 -0.1631433382
vn -0.9452708632 -0.1631433382 0.2825725507
vn -0.4451035169 -0.4477395614 0.7755076688
vn 0.4451035169 -0.4477395614 0.7755076688
vn 0.9452708632 -0.1631433382 0.2825725507
vn 0.9452708632 0.1631433382 -0.2825725507
vn 0.4451035169 0.4477395614 -0.7755076688
vn -0.4451035169 0.4477395614 -0.7755076688
vn -0.9452708632 0.1631433382 -0.2825725507
vn -0.9452708632 0 0.3262866764
vn -0.4451035169 0 0.8954791227
vn 0.4451035169 0 0.8954791227
vn 0.9452708632 0 0.3262866764
vn 0.9452708632 0 -0.3262866764
vn 0.4451035169 0 -0.8954791227
vn -0.4451035169 0 -0.8954791227
vn -0.9452708632 0 -0.3262866764
vn -0.9528034723 0.1517938925 0.2629147341
vn -0.4741108072 0.4402325926 0.7625052176
vn 0.4741108072 0.4402325926 0.7625052176
vn 0.9528034723 0.1517938925 0.2629147341
vn 0.9528034723 -0.1517938925 -0.2629147341
vn 0.4741108072 -0.4402325926 -0.7625052176
vn -0.4741108072 -0.4402325926 -0.7625052176
vn -0.9528034723 -0.1517938925 -0.2629147341
vn -0.9528034723 0.2629147341 0.1517938925
vn -0.4741108072 0.7625052176 0.4402325926
vn 0.4741108072 0.7625052176 0.4402325926
vn 0.9528034723 0.2629147341 0.1517938925
vn 0.9528034723 -0.2629147341 -0.1517938925
vn 0.4741108072 -0.7625052176 -0.4402325926
vn -0.4741108072 -0.7625052176 -0.4402325926
vn -0.9528034723 -0.2629147341 -0.1517938925
vn -0.9528034723 0.303587785 0
vn -0.4741108072 0.8804651853 0
vn 0.4741108072 0.8804651853 0
vn 0.9528034723 0.303587785 0
vn 0.9528034723 -0.303587785 0
vn 0.4741108072 -0.8804651853 0
vn -0.4741108072 -0.8804651853 0
vn -0.9528034723 -0.303587785 0
vn -0.9528034723 0.2629147341 -0.1517938925
vn -0.4741108072 0.7625052176 -0.4402325926
vn 0.4741108072 0.7625052176 -0.4402325926
vn 0.9528034723 0.2629147341 -0.1517938925
vn 0.9528034723 -0.2629147341 0.1517938925
vn 0.4741108072 -0.7625052176 0.4402325926
vn -0.4741108072 -0.7625052176 0.4402325926
vn -0.9528034723 -0.2629147341 0.1517938925
vn -0.9528034723 0.1517938925 -0.2629147341
vn -0.4741108072 0.4402325926 -0.7625052176
vn 0.4741108072 0.4402325926 -0.7625052176
vn 0.9528034723 0.1517938925 -0.2629147341
vn 0.9528034723 -0.1517938925 0.2629147341
vn 0.4741108072 -0.4402325926 0.7625052176
vn -0.4741108072 -0.4402325926 0.7625052176
vn -0.9528034723 -0.1517938925 0.2629147341
vn -0.9528034723 0 -0.303587785
vn -0.4741108072 0 -0.8804651853
vn 0.4741108072 0 -0.8804651853
vn 0.9528034723 0 -0.303587785
vn 0.9528034723 0 0.303587785
vn 0.4741108072 0 0.8804651853
vn -0.4741108072 0 0.8804651853
vn -0.9528034723 0 0.303587785
vn -0.9528034723 -0.1517938925 -0.2629147341
vn -0.4741108072 -0.4402325926 -0.7625052176
vn 0.4741108072 -0.4402325926 -0.7625052176
vn 0.9528034723 -0.1517938925 -0.2629147341
vn 0.9528034723 0.1517938925 0.2629147341
vn 0.4741108072 0.4402325926 0.7625052176
vn -0.4741108072 0.4402325926 0.7625052176
vn -0.9528034723 0.1517938925 0.2629147341
vn -0.9528034723 -0.2629147341 -0.1517938925
vn -0.4741108072 -0.7625052176 -0.4402325926
vn 0.4741108072 -0.7625052176 -0.4402325926
vn 0.9528034723 -0.2629147341 -0.1517938925
vn 0.9528034723 0.2629147341 0.1517938925
vn 0.4741108072 0.7625052176 0.4402325926
vn -0.4741108072 0.7625052176 0.4402325926
vn -0.9528034723 0.2629147341 0.1517938925
vn -0.9528034723 -0.303587785 0
vn -0.4741108072 -0.8804651853 0
vn 0.4741108072 -0.8804651853 0
vn 0.9528034723 -0.303587785 0
vn 0.9528034723 0.303587785 0
vn 0.4741108072 0.8804651853 0
vn -0.4741108072 0.8804651853 0
vn -0.9528034723 0.303587785 0
vn -0.9528034723 -0.2629147341 0.1517938925
vn -0.4741108072 -0.7625052176 0.4402325926
vn 0.4741108072 -0.7625052176 0.4402325926
vn 0.9528034723 -0.2629147341 0.1517938925
vn 0.9528034723 0.2629147341 -0.1517938925
vn 0.4741108072 0.7625052176 -0.4402325926
vn -0.4741108072 0.7625052176 -0.4402325926
vn -0.9528034723 0.2629147341 -0.1517938925
vn -0.9528034723 -0.1517938925 0.2629147341
vn -0.4741108072 -0.4402325926 0.7625052176
vn 0.4741108072 -0.4402325926 0.7625052176
vn 0.9528034723 -0.1517938925 0.2629147341
vn 0.9528034723 0.1517938925 -0.2629147341
vn 0.4741108072 0.4402325926 -0.7625052176
vn -0.4741108072 0.4402325926 -0.7625052176
vn -0.9528034723 0.1517938925 -0.2629147341
vn -0.9528034723 0 0.303587785
vn -0.4741108072 0 0.8804651853
vn 0.4741108072 0 0.8804651853
vn 0.9528034723 0 0.303587785
vn 0.9528034723 0 -0.303587785
vn 0.4741108072 0 -0.8804651853
vn -0.4741108072 0 -0.8804651853
vn -0.9528034723 0 -0.303587785
vn -0.9238795325 0.1913417162 0.331413574
vn -0.3826834324 0.4619397663 0.8001031452
vn 0.3826834324 0.4619397663 0.8001031452
vn 0.9238795325 0.1913417162 0.331413574
vn 0.9238795325 -0.1913417162 -0.331413574
vn 0.3826834324 -0.4619397663 -0.8001031452
vn -0.3826834324 -0.4619397663 -0.8001031452
vn -0.9238795325 -0.1913417162 -0.331413574
vn -0.9238795325 0.331413574 0.1913417162
vn -0.3826834324 0.8001031452 0.4619397663
vn 0.3826834324 0.8001031452 0.4619397663
vn 0.9238795325 0.331413574 0.1913417162
vn 0.9238795325 -0.331413574 -0.1913417162
vn 0.3826834324 -0.8001031452 -0.4619397663
vn -0.3826834324 -0.8001031452 -0.4619397663
vn -0.9238795325 -0.331413574 -0.1913417162
vn -0.9238795325 0.3826834324 0
vn -0.3826834324 0.9238795325 0
vn 0.3826834324 0.9238795325 0
vn 0.9238795325 0.3826834324 0
vn 0.9238795325 -0.3826834324 0
vn 0.3826834324 -0.9238795325 0
vn -0.3826834324 -0.9238795325 0
vn -0.9238795325 -0.3826834324 0
vn -0.9238795325 0.331413574 -0.1913417162
vn -0.3826834324 0.8001031452 -0.4619397663
vn 0.3826834324 0.8001031452 -0.4619397663
vn 0.9238795325 0.331413574 -0.1913417162
vn 0.9238795325 -0.331413574 0.1913417162
vn 0.3826834324 -0.8001031452 0.4619397663
vn -0.3826834324 -0.8001031452 0.4619397663
vn -0.9238795325 -0.331413574 0.1913417162
vn -0.9238795325 0.1913417162 -0.331413574
vn -0.3826834324 0.4619397663 -0.8001031452
vn 0.3826834324 0.4619397663 -0.8001031452
vn 0.9238795325 0.1913417162 -0.331413574
vn 0.9238795325 -0.1913417162 0.331413574
vn 0.3826834324 -0.4619397663 0.8001031452
vn -0.3826834324 -0.4619397663 0.8001031452
vn -0.9238795325 -0.1913417162 0.331413574
vn -0.9238795325 0 -0.3826834324
vn -0.3826834324 0 -0.9238795325
vn 0.3826834324 0 -0.9238795325
vn 0.9238795325 0 -0.3826834324
vn 0.9238795325 0 0.3826834324
vn 0.3826834324 0 0.9238795325
vn -0.3826834324 0 0.9238795325
vn -0.9238795325 0 0.3826834324
vn -0.9238795325 -0.1913417162 -0.331413574
vn -0.3826834324 -0.4619397663 -0.8001031452
vn 0.3826834324 -0.4619397663 -0.8001031452
vn 0.9238795325 -0.1913417162 -0.331413574
vn 0.9238795325 0.1913417162 0.331413574
vn 0.3826834324 0.4619397663 0.8001031452
vn -0.3826834324 0.4619397663 0.8001031452
vn -0.9238795325 0.1913417162 0.331413574
vn -0.9238795325 -0.331413574 -0.1913417162
vn -0.3826834324 -0.8001031452 -0.4619397663
vn 0.3826834324 -0.8001031452 -0.4619397663
vn 0.9238795325 -0.331413574 -0.1913417162
vn 0.9238795325 0.331413574 0.1913417162
vn 0.3826834324 0.8001031452 0.4619397663
vn -0.3826834324 0.8001031452 0.4619397663
vn -0.9238795325 0.331413574 0.1913417162
vn -0.9238795325 -0.3826834324 0
vn -0.3826834324 -0.9238795325 0
vn 0.3826834324 -0.9238795325 0
vn 0.9238795325 -0.3826834324 0
vn 0.9238795325 0.3826834324 0
vn 0.3826834324 0.9238795325 0
vn -0.3826834324 0.9238795325 0
vn -0.9238795325 0.3826834324 0
vn -0.9238795325 -0.331413574 0.1913417162
vn -0.3826834324 -0.8001031452 0.4619397663
vn 0.3826834324 -0.8001031452 0.4619397663
vn 0.9238795325 -0.331413574 0.1913417162
vn 0.9238795325 0.331413574 -0.1913417162
vn 0.3826834324 0.8001031452 -0.4619397663
vn -0.3826834324 0.8001031452 -0.4619397663
vn -0.9238795325 0.331413574 -0.1913417162
vn -0.9238795325 -0.1913417162 0.331413574
vn -0.3826834324 -0.4619397663 0.8001031452
vn 0.3826834324 -0.4619397663 0.8001031452
vn 0.9238795325 -0.1913417162 0.331413574
vn 0.9238795325 0.1913417162 -0.331413574
vn 0.3826834324 0.4619397663 -0.8001031452
vn -0.3826834324 0.4619397663 -0.8001031452
vn -0.9238795325 0.1913417162 -0.331413574
vn -0.9238795325 0 0.3826834324
vn -0.3826834324 0 0.9238795325
vn 0.3826834324 0 0.9238795325
vn 0.9238795325 0 0.3826834324
vn 0.9238795325 0 -0.3826834324
vn 0.3826834324 0 -0.9238795325
vn -0.3826834324 0 -0.9238795325
vn -0.9238795325 0 -0.3826834324
o beveled_cuboid
usemtl m_c4b924b0-0582-2628-f76b-178c019f1300
f 16/1/1 14/2/1 13/3/1 15/4/1
f 9/5/2 10/6/2 12/7/2 11/8/2
f 1/9/3 2/10/3 4/11/3 3/12/3
f 8/13/4 6/14/4 5/15/4 7/16/4
f 21/17/5 22/18/5 24/19/5 23/20/5
f 20/21/6 18/22/6 17/23/6 19/24/6
f 2/25/7 1/26/7 14/27/7 16/28/7
f 10/29/8 3/30/8 4/31/8 12/32/8
f 22/33/9 1/34/9 3/35/9 24/36/9
f 4/37/10 2/38/10 18/39/10 20/40/10
f 13/41/11 5/42/11 6/43/11 15/44/11
f 8/45/12 7/46/12 9/47/12 11/48/12
f 7/49/13 5/50/13 21/51/13 23/52/13
f 17/53/14 6/54/14 8/55/14 19/56/14
f 15/57/15 17/58/15 18/59/15 16/60/15
f 22/61/16 21/62/16 13/63/16 14/64/16
f 20/65/17 19/66/17 11/67/17 12/68/17
f 9/69/18 23/70/18 24/71/18 10/72/18
f 5/73/19 13/74/19 21/75/19
f 7/76/20 23/77/20 9/78/20
f 6/79/21 17/80/21 15/81/21
f 8/82/22 11/83/22 19/84/22
f 1/85/23 22/86/23 14/87/23
f 3/88/24 10/89/24 24/90/24
f 2/91/25 16/92/25 18/93/25
f 4/94/26 20/95/26 12/96/26
o cylinder
f 29/97/27 27/98/27 25/99/27
f 27/100/28 29/101/28 30/102/28 28/103/28
f 28/104/29 30/105/29 26/106/29
f 31/107/30 29/108/30 25/109/30
f 29/110/31 31/111/31 32/112/31 30/113/31
f 30/114/32 32/115/32 26/116/32
f 33/117/33 31/118/33 25/119/33
f 31/120/34 33/121/34 34/122/34 32/123/34
f 32/124/35 34/125/35 26/126/35
f 35/127/36 33/128/36 25/129/36
f 33/130/37 35/131/37 36/132/37 34/133/37
f 34/134/38 36/135/38 26/136/38
f 37/137/39 35/138/39 25/139/39
f 35/140/40 37/141/40 38/142/40 36/143/40
f 36/144/41 38/145/41 26/146/41
f 39/147/42 37/148/42 25/149/42
f 37/150/43 39/151/43 40/152/43 38/153/43
f 38/154/44 40/155/44 26/156/44
f 41/157/45 39/158/45 25/159/45
f 39/160/46 41/161/46 42/162/46 40/163/46
f 40/164/47 42/165/47 26/166/47
f 43/167/48 41/168/48 25/169/48
f 41/170/49 43/171/49 44/172/49 42/173/49
f 42/174/50 44/175/50 26/176/50
f 45/177/51 43/178/51 25/179/51
f 43/180/52 45/181/52 46/182/52 44/183/52
f 44/184/53 46/185/53 26/186/53
f 47/187/54 45/188/54 25/189/54
f 45/190/55 47/191/55 48/192/55 46/193/55
f 46/194/56 48/195/56 26/196/56
f 49/197/57 47/198/57 25/199/57
f 47/200/58 49/201/58 50/202/58 48/203/58
f 48/204/59 50/205/59 26/206/59
f 27/207/60 49/208/60 25/209/60
f 49/210/61 27/211/61 28/212/61 50/213/61
f 50/214/62 28/215/62 26/216/62
o torus
f 51/217/63 52/218/63 60/219/63 59/220/63
f 52/221/64 53/222/64 61/223/64 60/224/64
f 53/225/65 54/226/65 62/227/65 61/228/65
f 54/229/66 55/230/66 63/231/66 62/232/66
f 55/233/67 56/234/67 64/235/67 63/236/67
f 56/237/68 57/238/68 65/239/68 64/240/68
f 57/241/69 58/242/69 66/243/69 65/244/69
f 58/245/70 51/246/70 59/247/70 66/248/70
f 59/249/71 60/250/71 68/251/71 67/252/71
f 60/253/72 61/254/72 69/255/72 68/256/72
f 61/257/73 62/258/73 70/259/73 69/260/73
f 62/261/74 63/262/74 71/263/74 70/264/74
f 63/265/75 64/266/75 72/267/75 71/268/75
f 64/269/76 65/270/76 73/271/76 72/272/76
f 65/273/77 66/274/77 74/275/77 73/276/77
f 66/277/78 59/278/78 67/279/78 74/280/78
f 67/281/79 68/282/79 76/283/79 75/284/79
f 68/285/80 69/286/80 77/287/80 76/288/80
f 69/289/81 70/290/81 78/291/81 77/292/81
f 70/293/82 71/294/82 79/295/82 78/296/82
f 71/297/83 72/298/83 80/299/83 79/300/83
f 72/301/84 73/302/84 81/303/84 80/304/84
f 73/305/85 74/306/85 82/307/85 81/308/85
f 74/309/86 67/310/86 75/311/86 82/312/86
f 75/313/87 76/314/87 84/315/87 83/316/87
f 76/317/88 77/318/88 85/319/88 84/320/88
f 77/321/89 78/322/89 86/323/89 85/324/89
f 78/325/90 79/326/90 87/327/90 86/328/90
f 79/329/91 80/330/91 88/331/91 87/332/91
f 80/333/92 81/334/92 89/335/92 88/336/92
f 81/337/93 82/338/93 90/339/93 89/340/93
f 82/341/94 75/342/94 83/343/94 90/344/94
f 83/345/95 84/346/95 92/347/95 91/348/95
f 84/349/96 85/350/96 93/351/96 92/352/96
f 85/353/97 86/354/97 94/355/97 93/356/97
f 86/357/98 87/358/98 95/359/98 94/360/98
f 87/361/99 88/362/99 96/363/99 95/364/99
f 88/365/100 89/366/100 97/367/100 96/368/100
f 89/369/101 90/370/101 98/371/101 97/372/101
f 90/373/102 83/374/102 91/375/102 98/376/102
f 91/377/103 92/378/103 100/379/103 99/380/103
f 92/381/104 93/382/104 101/383/104 100/384/104
f 93/385/105 94/386/105 102/387/105 101/388/105
f 94/389/106 95/390/106 103/391/106 102/392/106
f 95/393/107 96/394/107 104/395/107 103/396/107
f 96/397/108 97/398/108 105/399/108 104/400/108
f 97/401/109 98/402/109 106/403/109 105/404/109
f 98/405/110 91/406/110 99/407/110 106/408/110
f 99/409/111 100/410/111 108/411/111 107/412/111
f 100/413/112 101/414/112 109/415/112 108/416/112
f 101/417/113 102/418/113 110/419/113 109/420/113
f 102/421/114 103/422/114 111/423/114 110/424/114
f 103/425/115 104/426/115 112/427/115 111/428/115
f 104/429/116 105/430/116 113/431/116 112/432/116
f 105/433/117 106/434/117 114/435/117 113/436/117
f 106/437/118 99/438/118 107/439/118 114/440/118
f 107/441/119 108/442/119 116/443/119 115/444/119
f 108/445/120 109/446/120 117/447/120 116/448/120
f 109/449/121 110/450/121 118/451/121 117/452/121
f 110/453/122 111/454/122 119/455/122 118/456/122
f 111/457/123 112/458/123 120/459/123 119/460/123
f 112/461/124 113/462/124 121/463/124 120/464/124
f 113/465/125 114/466/125 122/467/125 121/468/125
f 114/469/126 107/470/126 115/471/126 122/472/126
f 115/473/127 116/474/127 124/475/127 123/476/127
f 116/477/128 117/478/128 125/479/128 124/480/128
f 117/481/129 118/482/129 126/483/129 125/484/129
f 118/485/130 119/486/130 127/487/130 126/488/130
f 119/489/131 120/490/131 128/491/131 127/492/131
f 120/493/132 121/494/132 129/495/132 128/496/132
f 121/497/133 122/498/133 130/499/133 129/500/133
f 122/501/134 115/502/134 123/503/134 130/504/134
f 123/505/135 124/506/135 132/507/135 131/508/135
f 124/509/136 125/510/136 133/511/136 132/512/136
f 125/513/137 126/514/137 134/515/137 133/516/137
f 126/517/138 127/518/138 135/519/138 134/520/138
f 127/521/139 128/522/139 136/523/139 135/524/139
f 128/525/140 129/526/140 137/527/140 136/528/140
f 129/529/141 130/530/141 138/531/141 137/532/141
f 130/533/142 123/534/142 131/535/142 138/536/142
f 131/537/143 132/538/143 140/539/143 139/540/143
f 132/541/144 133/542/144 141/543/144 140/544/144
f 133/545/145 134/546/145 142/547/145 141/548/145
f 134/549/146 135/550/146 143/551/146 142/552/146
f 135/553/147 136/554/147 144/555/147 143/556/147
f 136/557/148 137/558/148 145/559/148 144/560/148
f 137/561/149 138/562/149 146/563/149 145/564/149
f 138/565/150 131/566/150 139/567/150 146/568/150
f 139/569/151 140/570/151 52/571/151 51/572/151
f 140/573/152 141/574/152 53/575/152 52/576/152
f 141/577/153 142/578/153 54/579/153 53/580/153
f 142/581/154 143/582/154 55/583/154 54/584/154
f 143/585/155 144/586/155 56/587/155 55/588/155
f 144/589/156 145/590/156 57/591/156 56/592/156
f 145/593/157 146/594/157 58/595/157 57/596/157
f 146/597/158 139/598/158 51/599/158 58/600/158
o cylinder
f 151/601/159 149/602/159 147/603/159
f 149/604/160 151/605/160 152/606/160 150/607/160
f 150/608/161 152/609/161 148/610/161
f 153/611/162 151/612/162 147/613/162
f 151/614/163 153/615/163 154/616/163 152/617/163
f 152/618/164 154/619/164 148/620/164
f 155/621/165 153/622/165 147/623/165
f 153/624/166 155/625/166 156/626/166 154/627/166
f 154/628/167 156/629/167 148/630/167
f 157/631/168 155/632/168 147/633/168
f 155/634/169 157/635/169 158/636/169 156/637/169
f 156/638/170 158/639/170 148/640/170
f 159/641/171 157/642/171 147/643/171
f 157/644/172 159/645/172 160/646/172 158/647/172
f 158/648/173 160/649/173 148/650/173
f 161/651/174 159/652/174 147/653/174
f 159/654/175 161/655/175 162/656/175 160/657/175
f 160/658/176 162/659/176 148/660/176
f 163/661/177 161/662/177 147/663/177
f 161/664/178 163/665/178 164/666/178 162/667/178
f 162/668/179 164/669/179 148/670/179
f 165/671/180 163/672/180 147/673/180
f 163/674/181 165/675/181 166/676/181 164/677/181
f 164/678/182 166/679/182 148/680/182
f 167/681/183 165/682/183 147/683/183
f 165/684/184 167/685/184 168/686/184 166/687/184
f 166/688/185 168/689/185 148/690/185
f 169/691/186 167/692/186 147/693/186
f 167/694/187 169/695/187 170/696/187 168/697/187
f 168/698/188 170/699/188 148/700/188
f 171/701/189 169/702/189 147/703/189
f 169/704/190 171/705/190 172/706/190 170/707/190
f 170/708/191 172/709/191 148/710/191
f 149/711/192 171/712/192 147/713/192
f 171/714/193 149/715/193 150/716/193 172/717/193
f 172/718/194 150/719/194 148/720/194
o torus
f 173/721/195 174/722/195 182/723/195 181/724/195
f 174/725/196 175/726/196 183/727/196 182/728/196
f 175/729/197 176/730/197 184/731/197 183/732/197
f 176/733/198 177/734/198 185/735/198 184/736/198
f 177/737/199 178/738/199 186/739/199 185/740/199
f 178/741/200 179/742/200 187/743/200 186/744/200
f 179/745/201 180/746/201 188/747/201 187/748/201
f 180/749/202 173/750/202 181/751/202 188/752/202
f 181/753/203 182/754/203 190/755/203 189/756/203
f 182/757/204 183/758/204 191/759/204 190/760/204
f 183/761/205 184/762/205 192/763/205 191/764/205
f 184/765/206 185/766/206 193/767/206 192/768/206
f 185/769/207 186/770/207 194/771/207 193/772/207
f 186/773/208 187/774/208 195/775/208 194/776/208
f 187/777/209 188/778/209 196/779/209 195/780/209
f 188/781/210 181/782/210 189/783/210 196/784/210
f 189/785/211 190/786/211 198/787/211 197/788/211
f 190/789/212 191/790/212 199/791/212 198/792/212
f 191/793/213 192/794/213 200/795/213 199/796/213
f 192/797/214 193/798/214 201/799/214 200/800/214
f 193/801/215 194/802/215 202/803/215 201/804/215
f 194/805/216 195/806/216 203/807/216 202/808/216
f 195/809/217 196/810/217 204/811/217 203/812/217
f 196/813/218 189/814/218 197/815/218 204/816/218
f 197/817/219 198/818/219 206/819/219 205/820/219
f 198/821/220 199/822/220 207/823/220 206/824/220
f 199/825/221 200/826/221 208/827/221 207/828/221
f 200/829/222 201/830/222 209/831/222 208/832/222
f 201/833/223 202/834/223 210/835/223 209/836/223
f 202/837/224 203/838/224 211/839/224 210/840/224
f 203/841/225 204/842/225 212/843/225 211/844/225
f 204/845/226 197/846/226 205/847/226 212/848/226
f 205/849/227 206/850/227 214/851/227 213/852/227
f 206/853/228 207/854/228 215/855/228 214/856/228
f 207/857/229 208/858/229 216/859/229 215/860/229
f 208/861/230 209/862/230 217/863/230 216/864/230
f 209/865/231 210/866/231 218/867/231 217/868/231
f 210/869/232 211/870/232 219/871/232 218/872/232
f 211/873/233 212/874/233 220/875/233 219/876/233
f 212/877/234 205/878/234 213/879/234 220/880/234
f 213/881/235 214/882/235 222/883/235 221/884/235
f 214/885/236 215/886/236 223/887/236 222/888/236
f 215/889/237 216/890/237 224/891/237 223/892/237
f 216/893/238 217/894/238 225/895/238 224/896/238
f 217/897/239 218/898/239 226/899/239 225/900/239
f 218/901/240 219/902/240 227/903/240 226/904/240
f 219/905/241 220/906/241 228/907/241 227/908/241
f 220/909/242 213/910/242 221/911/242 228/912/242
f 221/913/243 222/914/243 230/915/243 229/916/243
f 222/917/244 223/918/244 231/919/244 230/920/244
f 223/921/245 224/922/245 232/923/245 231/924/245
f 224/925/246 225/926/246 233/927/246 232/928/246
f 225/929/247 226/930/247 234/931/247 233/932/247
f 226/933/248 227/934/248 235/935/248 234/936/248
f 227/937/249 228/938/249 236/939/249 235/940/249
f 228/941/250 221/942/250 229/943/250 236/944/250
f 229/945/251 230/946/251 238/947/251 237/948/251
f 230/949/252 231/950/252 239/951/252 238/952/252
f 231/953/253 232/954/253 240/955/253 239/956/253
f 232/957/254 233/958/254 241/959/254 240/960/254
f 233/961/255 234/962/255 242/963/255 241/964/255
f 234/965/256 235/966/256 243/967/256 242/968/256
f 235/969/257 236/970/257 244/971/257 243/972/257
f 236/973/258 229/974/258 237/975/258 244/976/258
f 237/977/259 238/978/259 246/979/259 245/980/259
f 238/981/260 239/982/260 247/983/260 246/984/260
f 239/985/261 240/986/261 248/987/261 247/988/261
f 240/989/262 241/990/262 249/991/262 248/992/262
f 241/993/263 242/994/263 250/995/263 249/996/263
f 242/997/264 243/998/264 251/999/264 250/1000/264
f 243/1001/265 244/1002/265 252/1003/265 251/1004/265
f 244/1005/266 237/1006/266 245/1007/266 252/1008/266
f 245/1009/267 246/1010/267 254/1011/267 253/1012/267
f 246/1013/268 247/1014/268 255/1015/268 254/1016/268
f 247/1017/269 248/1018/269 256/1019/269 255/1020/269
f 248/1021/270 249/1022/270 257/1023/270 256/1024/270
f 249/1025/271 250/1026/271 258/1027/271 257/1028/271
f 250/1029/272 251/1030/272 259/1031/272 258/1032/272
f 251/1033/273 252/1034/273 260/1035/273 259/1036/273
f 252/1037/274 245/1038/274 253/1039/274 260/1040/274
f 253/1041/275 254/1042/275 262/1043/275 261/1044/275
f 254/1045/276 255/1046/276 263/1047/276 262/1048/276
f 255/1049/277 256/1050/277 264/1051/277 263/1052/277
f 256/1053/278 257/1054/278 265/1055/278 264/1056/278
f 257/1057/279 258/1058/279 266/1059/279 265/1060/279
f 258/1061/280 259/1062/280 267/1063/280 266/1064/280
f 259/1065/281 260/1066/281 268/1067/281 267/1068/281
f 260/1069/282 253/1070/282 261/1071/282 268/1072/282
f 261/1073/283 262/1074/283 174/1075/283 173/1076/283
f 262/1077/284 263/1078/284 175/1079/284 174/1080/284
f 263/1081/285 264/1082/285 176/1083/285 175/1084/285
f 264/1085/286 265/1086/286 177/1087/286 176/1088/286
f 265/1089/287 266/1090/287 178/1091/287 177/1092/287
f 266/1093/288 267/1094/288 179/1095/288 178/1096/288
f 267/1097/289 268/1098/289 180/1099/289 179/1100/289
f 268/1101/290 261/1102/290 173/1103/290 180/1104/290
f 269/1105/291 270/1106/291 278/1107/291 277/1108/291
f 270/1109/292 271/1110/292 279/1111/292 278/1112/292
f 271/1113/293 272/1114/293 280/1115/293 279/1116/293
f 272/1117/294 273/1118/294 281/1119/294 280/1120/294
f 273/1121/295 274/1122/295 282/1123/295 281/1124/295
f 274/1125/296 275/1126/296 283/1127/296 282/1128/296
f 275/1129/297 276/1130/297 284/1131/297 283/1132/297
f 276/1133/298 269/1134/298 277/1135/298 284/1136/298
f 277/1137/299 278/1138/299 286/1139/299 285/1140/299
f 278/1141/300 279/1142/300 287/1143/300 286/1144/300
f 279/1145/301 280/1146/301 288/1147/301 287/1148/301
f 280/1149/302 281/1150/302 289/1151/302 288/1152/302
f 281/1153/303 282/1154/303 290/1155/303 289/1156/303
f 282/1157/304 283/1158/304 291/1159/304 290/1160/304
f 283/1161/305 284/1162/305 292/1163/305 291/1164/305
f 284/1165/306 277/1166/306 285/1167/306 292/1168/306
f 285/1169/307 286/1170/307 294/1171/307 293/1172/307
f 286/1173/308 287/1174/308 295/1175/308 294/1176/308
f 287/1177/309 288/1178/309 296/1179/309 295/1180/309
f 288/1181/310 289/1182/310 297/1183/310 296/1184/310
f 289/1185/311 290/1186/311 298/1187/311 297/1188/311
f 290/1189/312 291/1190/312 299/1191/312 298/1192/312
f 291/1193/313 292/1194/313 300/1195/313 299/1196/313
f 292/1197/314 285/1198/314 293/1199/314 300/1200/314
f 293/1201/315 294/1202/315 302/1203/315 301/1204/315
f 294/1205/316 295/1206/316 303/1207/316 302/1208/316
f 295/1209/317 296/1210/317 304/1211/317 303/1212/317
f 296/1213/318 297/1214/318 305/1215/318 304/1216/318
f 297/1217/319 298/1218/319 306/1219/319 305/1220/319
f 298/1221/320 299/1222/320 307/1223/320 306/1224/320
f 299/1225/321 300/1226/321 308/1227/321 307/1228/321
f 300/1229/322 293/1230/322 301/1231/322 308/1232/322
f 301/1233/323 302/1234/323 310/1235/323 309/1236/323
f 302/1237/324 303/1238/324 311/1239/324 310/1240/324
f 303/1241/325 304/1242/325 312/1243/325 311/1244/325
f 304/1245/326 305/1246/326 313/1247/326 312/1248/326
f 305/1249/327 306/1250/327 314/1251/327 313/1252/327
f 306/1253/328 307/1254/328 315/1255/328 314/1256/328
f 307/1257/329 308/1258/329 316/1259/329 315/1260/329
f 308/1261/330 301/1262/330 309/1263/330 316/1264/330
f 309/1265/331 310/1266/331 318/1267/331 317/1268/331
f 310/1269/332 311/1270/332 319/1271/332 318/1272/332
f 311/1273/333 312/1274/333 320/1275/333 319/1276/333
f 312/1277/334 313/1278/334 321/1279/334 320/1280/334
f 313/1281/335 314/1282/335 322/1283/335 321/1284/335
f 314/1285/336 315/1286/336 323/1287/336 322/1288/336
f 315/1289/337 316/1290/337 324/1291/337 323/1292/337
f 316/1293/338 309/1294/338 317/1295/338 324/1296/338
f 317/1297/339 318/1298/339 326/1299/339 325/1300/339
f 318/1301/340 319/1302/340 327/1303/340 326/1304/340
f 319/1305/341 320/1306/341 328/1307/341 327/1308/341
f 320/1309/342 321/1310/342 329/1311/342 328/1312/342
f 321/1313/343 322/1314/343 330/1315/343 329/1316/343
f 322/1317/344 323/1318/344 331/1319/344 330/1320/344
f 323/1321/345 324/1322/345 332/1323/345 331/1324/345
f 324/1325/346 317/1326/346 325/1327/346 332/1328/346
f 325/1329/347 326/1330/347 334/1331/347 333/1332/347
f 326/1333/348 327/1334/348 335/1335/348 334/1336/348
f 327/1337/349 328/1338/349 336/1339/349 335/1340/349
f 328/1341/350 329/1342/350 337/1343/350 336/1344/350
f 329/1345/351 330/1346/351 338/1347/351 337/1348/351
f 330/1349/352 331/1350/352 339/1351/352 338/1352/352
f 331/1353/353 332/1354/353 340/1355/353 339/1356/353
f 332/1357/354 325/1358/354 333/1359/354 340/1360/354
f 333/1361/355 334/1362/355 342/1363/355 341/1364/355
f 334/1365/356 335/1366/356 343/1367/356 342/1368/356
f 335/1369/357 336/1370/357 344/1371/357 343/1372/357
f 336/1373/358 337/1374/358 345/1375/358 344/1376/358
f 337/1377/359 338/1378/359 346/1379/359 345/1380/359
f 338/1381/360 339/1382/360 347/1383/360 346/1384/360
f 339/1385/361 340/1386/361 348/1387/361 347/1388/361
f 340/1389/362 333/1390/362 341/1391/362 348/1392/362
f 341/1393/363 342/1394/363 350/1395/363 349/1396/363
f 342/1397/364 343/1398/364 351/1399/364 350/1400/364
f 343/1401/365 344/1402/365 352/1403/365 351/1404/365
f 344/1405/366 345/1406/366 353/1407/366 352/1408/366
f 345/1409/367 346/1410/367 354/1411/367 353/1412/367
f 346/1413/368 347/1414/368 355/1415/368 354/1416/368
f 347/1417/369 348/1418/369 356/1419/369 355/1420/369
f 348/1421/370 341/1422/370 349/1423/370 356/1424/370
f 349/1425/371 350/1426/371 358/1427/371 357/1428/371
f 350/1429/372 351/1430/372 359/1431/372 358/1432/372
f 351/1433/373 352/1434/373 360/1435/373 359/1436/373
f 352/1437/374 353/1438/374 361/1439/374 360/1440/374
f 353/1441/375 354/1442/375 362/1443/375 361/1444/375
f 354/1445/376 355/1446/376 363/1447/376 362/1448/376
f 355/1449/377 356/1450/377 364/1451/377 363/1452/377
f 356/1453/378 349/1454/378 357/1455/378 364/1456/378
f 357/1457/379 358/1458/379 270/1459/379 269/1460/379
f 358/1461/380 359/1462/380 271/1463/380 270/1464/380
f 359/1465/381 360/1466/381 272/1467/381 271/1468/381
f 360/1469/382 361/1470/382 273/1471/382 272/1472/382
f 361/1473/383 362/1474/383 274/1475/383 273/1476/383
f 362/1477/384 363/1478/384 275/1479/384 274/1480/384
f 363/1481/385 364/1482/385 276/1483/385 275/1484/385
f 364/1485/386 357/1486/386 269/1487/386 276/1488/386
f 365/1489/387 366/1490/387 374/1491/387 373/1492/387
f 366/1493/388 367/1494/388 375/1495/388 374/1496/388
f 367/1497/389 368/1498/389 376/1499/389 375/1500/389
f 368/1501/390 369/1502/390 377/1503/390 376/1504/390
f 369/1505/391 370/1506/391 378/1507/391 377/1508/391
f 370/1509/392 371/1510/392 379/1511/392 378/1512/392
f 371/1513/393 372/1514/393 380/1515/393 379/1516/393
f 372/1517/394 365/1518/394 373/1519/394 380/1520/394
f 373/1521/395 374/1522/395 382/1523/395 381/1524/395
f 374/1525/396 375/1526/396 383/1527/396 382/1528/396
f 375/1529/397 376/1530/397 384/1531/397 383/1532/397
f 376/1533/398 377/1534/398 385/1535/398 384/1536/398
f 377/1537/399 378/1538/399 386/1539/399 385/1540/399
f 378/1541/400 379/1542/400 387/1543/400 386/1544/400
f 379/1545/401 380/1546/401 388/1547/401 387/1548/401
f 380/1549/402 373/1550/402 381/1551/402 388/1552/402
f 381/1553/403 382/1554/403 390/1555/403 389/1556/403
f 382/1557/404 383/1558/404 391/1559/404 390/1560/404
f 383/1561/405 384/1562/405 392/1563/405 391/1564/405
f 384/1565/406 385/1566/406 393/1567/406 392/1568/406
f 385/1569/407 386/1570/407 394/1571/407 393/1572/407
f 386/1573/408 387/1574/408 395/1575/408 394/1576/408
f 387/1577/409 388/1578/409 396/1579/409 395/1580/409
f 388/1581/410 381/1582/410 389/1583/410 396/1584/410
f 389/1585/411 390/1586/411 398/1587/411 397/1588/411
f 390/1589/412 391/1590/412 399/1591/412 398/1592/412
f 391/1593/413 392/1594/413 400/1595/413 399/1596/413
f 392/1597/414 393/1598/414 401/1599/414 400/1600/414
f 393/1601/415 394/1602/415 402/1603/415 401/1604/415
f 394/1605/416 395/1606/416 403/1607/416 402/1608/416
f 395/1609/417 396/1610/417 404/1611/417 403/1612/417
f 396/1613/418 389/1614/418 397/1615/418 404/1616/418
f 397/1617/419 398/1618/419 406/1619/419 405/1620/419
f 398/1621/420 399/1622/420 407/1623/420 406/1624/420
f 399/1625/421 400/1626/421 408/1627/421 407/1628/421
f 400/1629/422 401/1630/422 409/1631/422 408/1632/422
f 401/1633/423 402/1634/423 410/1635/423 409/1636/423
f 402/1637/424 403/1638/424 411/1639/424 410/1640/424
f 403/1641/425 404/1642/425 412/1643/425 411/1644/425
f 404/1645/426 397/1646/426 405/1647/426 412/1648/426
f 405/1649/427 406/1650/427 414/1651/427 413/1652/427
f 406/1653/428 407/1654/428 415/1655/428 414/1656/428
f 407/1657/429 408/1658/429 416/1659/429 415/1660/429
f 408/1661/430 409/1662/430 417/1663/430 416/1664/430
f 409/1665/431 410/1666/431 418/1667/431 417/1668/431
f 410/1669/432 411/1670/432 419/1671/432 418/1672/432
f 411/1673/433 412/1674/433 420/1675/433 419/1676/433
f 412/1677/434 405/1678/434 413/1679/434 420/1680/434
f 413/1681/435 414/1682/435 422/1683/435 421/1684/435
f 414/1685/436 415/1686/436 423/1687/436 422/1688/436
f 415/1689/437 416/1690/437 424/1691/437 423/1692/437
f 416/1693/438 417/1694/438 425/1695/438 424/1696/438
f 417/1697/439 418/1698/439 426/1699/439 425/1700/439
f 418/1701/440 419/1702/440 427/1703/440 426/1704/440
f 419/1705/441 420/1706/441 428/1707/441 427/1708/441
f 420/1709/442 413/1710/442 421/1711/442 428/1712/442
f 421/1713/443 422/1714/443 430/1715/443 429/1716/443
f 422/1717/444 423/1718/444 431/1719/444 430/1720/444
f 423/1721/445 424/1722/445 432/1723/445 431/1724/445
f 424/1725/446 425/1726/446 433/1727/446 432/1728/446
f 425/1729/447 426/1730/447 434/1731/447 433/1732/447
f 426/1733/448 427/1734/448 435/1735/448 434/1736/448
f 427/1737/449 428/1738/449 436/1739/449 435/1740/449
f 428/1741/450 421/1742/450 429/1743/450 436/1744/450
f 429/1745/451 430/1746/451 438/1747/451 437/1748/451
f 430/1749/452 431/1750/452 439/1751/452 438/1752/452
f 431/1753/453 432/1754/453 440/1755/453 439/1756/453
f 432/1757/454 433/1758/454 441/1759/454 440/1760/454
f 433/1761/455 434/1762/455 442/1763/455 441/1764/455
f 434/1765/456 435/1766/456 443/1767/456 442/1768/456
f 435/1769/457 436/1770/457 444/1771/457 443/1772/457
f 436/1773/458 429/1774/458 437/1775/458 444/1776/458
f 437/1777/459 438/1778/459 446/1779/459 445/1780/459
f 438/1781/460 439/1782/460 447/1783/460 446/1784/460
f 439/1785/461 440/1786/461 448/1787/461 447/1788/461
f 440/1789/462 441/1790/462 449/1791/462 448/1792/462
f 441/1793/463 442/1794/463 450/1795/463 449/1796/463
f 442/1797/464 443/1798/464 451/1799/464 450/1800/464
f 443/1801/465 444/1802/465 452/1803/465 451/1804/465
f 444/1805/466 437/1806/466 445/1807/466 452/1808/466
f 445/1809/467 446/1810/467 454/1811/467 453/1812/467
f 446/1813/468 447/1814/468 455/1815/468 454/1816/468
f 447/1817/469 448/1818/469 456/1819/469 455/1820/469
f 448/1821/470 449/1822/470 457/1823/470 456/1824/470
f 449/1825/471 450/1826/471 458/1827/471 457/1828/471
f 450/1829/472 451/1830/472 459/1831/472 458/1832/472
f 451/1833/473 452/1834/473 460/1835/473 459/1836/473
f 452/1837/474 445/1838/474 453/1839/474 460/1840/474
f 453/1841/475 454/1842/475 366/1843/475 365/1844/475
f 454/1845/476 455/1846/476 367/1847/476 366/1848/476
f 455/1849/477 456/1850/477 368/1851/477 367/1852/477
f 456/1853/478 457/1854/478 369/1855/478 368/1856/478
f 457/1857/479 458/1858/479 370/1859/479 369/1860/479
f 458/1861/480 459/1862/480 371/1863/480 370/1864/480
f 459/1865/481 460/1866/481 372/1867/481 371/1868/481
f 460/1869/482 453/1870/482 365/1871/482 372/1872/482
f 461/1873/483 462/1874/483 470/1875/483 469/1876/483
f 462/1877/484 463/1878/484 471/1879/484 470/1880/484
f 463/1881/485 464/1882/485 472/1883/485 471/1884/485
f 464/1885/486 465/1886/486 473/1887/486 472/1888/486
f 465/1889/487 466/1890/487 474/1891/487 473/1892/487
f 466/1893/488 467/1894/488 475/1895/488 474/1896/488
f 467/1897/489 468/1898/489 476/1899/489 475/1900/489
f 468/1901/490 461/1902/490 469/1903/490 476/1904/490
f 469/1905/491 470/1906/491 478/1907/491 477/1908/491
f 470/1909/492 471/1910/492 479/1911/492 478/1912/492
f 471/1913/493 472/1914/493 480/1915/493 479/1916/493
f 472/1917/494 473/1918/494 481/1919/494 480/1920/494
f 473/1921/495 474/1922/495 482/1923/495 481/1924/495
f 474/1925/496 475/1926/496 483/1927/496 482/1928/496
f 475/1929/497 476/1930/497 484/1931/497 483/1932/497
f 476/1933/498 469/1934/498 477/1935/498 484/1936/498
f 477/1937/499 478/1938/499 486/1939/499 485/1940/499
f 478/1941/500 479/1942/500 487/1943/500 486/1944/500
f 479/1945/501 480/1946/501 488/1947/501 487/1948/501
f 480/1949/502 481/1950/502 489/1951/502 488/1952/502
f 481/1953/503 482/1954/503 490/1955/503 489/1956/503
f 482/1957/504 483/1958/504 491/1959/504 490/1960/504
f 483/1961/505 484/1962/505 492/1963/505 491/1964/505
f 484/1965/506 477/1966/506 485/1967/506 492/1968/506
f 485/1969/507 486/1970/507 494/1971/507 493/1972/507
f 486/1973/508 487/1974/508 495/1975/508 494/1976/508
f 487/1977/509 488/1978/509 496/1979/509 495/1980/509
f 488/1981/510 489/1982/510 497/1983/510 496/1984/510
f 489/1985/511 490/1986/511 498/1987/511 497/1988/511
f 490/1989/512 491/1990/512 499/1991/512 498/1992/512
f 491/1993/513 492/1994/513 500/1995/513 499/1996/513
f 492/1997/514 485/1998/514 493/1999/514 500/2000/514
f 493/2001/515 494/2002/515 502/2003/515 501/2004/515
f 494/2005/516 495/2006/516 503/2007/516 502/2008/516
f 495/2009/517 496/2010/517 504/2011/517 503/2012/517
f 496/2013/518 497/2014/518 505/2015/518 504/2016/518
f 497/2017/519 498/2018/519 506/2019/519 505/2020/519
f 498/2021/520 499/2022/520 507/2023/520 506/2024/520
f 499/2025/521 500/2026/521 508/2027/521 507/2028/521
f 500/2029/522 493/2030/522 501/2031/522 508/2032/522
f 501/2033/523 502/2034/523 510/2035/523 509/2036/523
f 502/2037/524 503/2038/524 511/2039/524 510/2040/524
f 503/2041/525 504/2042/525 512/2043/525 511/2044/525
f 504/2045/526 505/2046/526 513/2047/526 512/2048/526
f 505/2049/527 506/2050/527 514/2051/527 513/2052/527
f 506/2053/528 507/2054/528 515/2055/528 514/2056/528
f 507/2057/529 508/2058/529 516/2059/529 515/2060/529
f 508/2061/530 501/2062/530 509/2063/530 516/2064/530
f 509/2065/531 510/2066/531 518/2067/531 517/2068/531
f 510/2069/532 511/2070/532 519/2071/532 518/2072/532
f 511/2073/533 512/2074/533 520/2075/533 519/2076/533
f 512/2077/534 513/2078/534 521/2079/534 520/2080/534
f 513/2081/535 514/2082/535 522/2083/535 521/2084/535
f 514/2085/536 515/2086/536 523/2087/536 522/2088/536
f 515/2089/537 516/2090/537 524/2091/537 523/2092/537
f 516/2093/538 509/2094/538 517/2095/538 524/2096/538
f 517/2097/539 518/2098/539 526/2099/539 525/2100/539
f 518/2101/540 519/2102/540 527/2103/540 526/2104/540
f 519/2105/541 520/2106/541 528/2107/541 527/2108/541
f 520/2109/542 521/2110/542 529/2111/542 528/2112/542
f 521/2113/543 522/2114/543 530/2115/543 529/2116/543
f 522/2117/544 523/2118/544 531/2119/544 530/2120/544
f 523/2121/545 524/2122/545 532/2123/545 531/2124/545
f 524/2125/546 517/2126/546 525/2127/546 532/2128/546
f 525/2129/547 526/2130/547 534/2131/547 533/2132/547
f 526/2133/548 527/2134/548 535/2135/548 534/2136/548
f 527/2137/549 528/2138/549 536/2139/549 535/2140/549
f 528/2141/550 529/2142/550 537/2143/550 536/2144/550
f 529/2145/551 530/2146/551 538/2147/551 537/2148/551
f 530/2149/552 531/2150/552 539/2151/552 538/2152/552
f 531/2153/553 532/2154/553 540/2155/553 539/2156/553
f 532/2157/554 525/2158/554 533/2159/554 540/2160/554
f 533/2161/555 534/2162/555 542/2163/555 541/2164/555
f 534/2165/556 535/2166/556 543/2167/556 542/2168/556
f 535/2169/557 536/2170/557 544/2171/557 543/2172/557
f 536/2173/558 537/2174/558 545/2175/558 544/2176/558
f 537/2177/559 538/2178/559 546/2179/559 545/2180/559
f 538/2181/560 539/2182/560 547/2183/560 546/2184/560
f 539/2185/561 540/2186/561 548/2187/561 547/2188/561
f 540/2189/562 533/2190/562 541/2191/562 548/2192/562
f 541/2193/563 542/2194/563 550/2195/563 549/2196/563
f 542/2197/564 543/2198/564 551/2199/564 550/2200/564
f 543/2201/565 544/2202/565 552/2203/565 551/2204/565
f 544/2205/566 545/2206/566 553/2207/566 552/2208/566
f 545/2209/567 546/2210/567 554/2211/567 553/2212/567
f 546/2213/568 547/2214/568 555/2215/568 554/2216/568
f 547/2217/569 548/2218/569 556/2219/569 555/2220/569
f 548/2221/570 541/2222/570 549/2223/570 556/2224/570
f 549/2225/571 550/2226/571 462/2227/571 461/2228/571
f 550/2229/572 551/2230/572 463/2231/572 462/2232/572
f 551/2233/573 552/2234/573 464/2235/573 463/2236/573
f 552/2237/574 553/2238/574 465/2239/574 464/2240/574
f 553/2241/575 554/2242/575 466/2243/575 465/2244/575
f 554/2245/576 555/2246/576 467/2247/576 466/2248/576
f 555/2249/577 556/2250/577 468/2251/577 467/2252/577
f 556/2253/578 549/2254/578 461/2255/578 468/2256/578
f 557/2257/579 558/2258/579 566/2259/579 565/2260/579
f 558/2261/580 559/2262/580 567/2263/580 566/2264/580
f 559/2265/581 560/2266/581 568/2267/581 567/2268/581
f 560/2269/582 561/2270/582 569/2271/582 568/2272/582
f 561/2273/583 562/2274/583 570/2275/583 569/2276/583
f 562/2277/584 563/2278/584 571/2279/584 570/2280/584
f 563/2281/585 564/2282/585 572/2283/585 571/2284/585
f 564/2285/586 557/2286/586 565/2287/586 572/2288/586
f 565/2289/587 566/2290/587 574/2291/587 573/2292/587
f 566/2293/588 567/2294/588 575/2295/588 574/2296/588
f 567/2297/589 568/2298/589 576/2299/589 575/2300/589
f 568/2301/590 569/2302/590 577/2303/590 576/2304/590
f 569/2305/591 570/2306/591 578/2307/591 577/2308/591
f 570/2309/592 571/2310/592 579/2311/592 578/2312/592
f 571/2313/593 572/2314/593 580/2315/593 579/2316/593
f 572/2317/594 565/2318/594 573/2319/594 580/2320/594
f 573/2321/595 574/2322/595 582/2323/595 581/2324/595
f 574/2325/596 575/2326/596 583/2327/596 582/2328/596
f 575/2329/597 576/2330/597 584/2331/597 583/2332/597
f 576/2333/598 577/2334/598 585/2335/598 584/2336/598
f 577/2337/599 578/2338/599 586/2339/599 585/2340/599
f 578/2341/600 579/2342/600 587/2343/600 586/2344/600
f 579/2345/601 580/2346/601 588/2347/601 587/2348/601
f 580/2349/602 573/2350/602 581/2351/602 588/2352/602
f 581/2353/603 582/2354/603 590/2355/603 589/2356/603
f 582/2357/604 583/2358/604 591/2359/604 590/2360/604
f 583/2361/605 584/2362/605 592/2363/605 591/2364/605
f 584/2365/606 585/2366/606 593/2367/606 592/2368/606
f 585/2369/607 586/2370/607 594/2371/607 593/2372/607
f 586/2373/608 587/2374/608 595/2375/608 594/2376/608
f 587/2377/609 588/2378/609 596/2379/609 595/2380/609
f 588/2381/610 581/2382/610 589/2383/610 596/2384/610
f 589/2385/611 590/2386/611 598/2387/611 597/2388/611
f 590/2389/612 591/2390/612 599/2391/612 598/2392/612
f 591/2393/613 592/2394/613 600/2395/613 599/2396/613
f 592/2397/614 593/2398/614 601/2399/614 600/2400/614
f 593/2401/615 594/2402/615 602/2403/615 601/2404/615
f 594/2405/616 595/2406/616 603/2407/616 602/2408/616
f 595/2409/617 596/2410/617 604/2411/617 603/2412/617
f 596/2413/618 589/2414/618 597/2415/618 604/2416/618
f 597/2417/619 598/2418/619 606/2419/619 605/2420/619
f 598/2421/620 599/2422/620 607/2423/620 606/2424/620
f 599/2425/621 600/2426/621 608/2427/621 607/2428/621
f 600/2429/622 601/2430/622 609/2431/622 608/2432/622
f 601/2433/623 602/2434/623 610/2435/623 609/2436/623
f 602/2437/624 603/2438/624 611/2439/624 610/2440/624
f 603/2441/625 604/2442/625 612/2443/625 611/2444/625
f 604/2445/626 597/2446/626 605/2447/626 612/2448/626
f 605/2449/627 606/2450/627 614/2451/627 613/2452/627
f 606/2453/628 607/2454/628 615/2455/628 614/2456/628
f 607/2457/629 608/2458/629 616/2459/629 615/2460/629
f 608/2461/630 609/2462/630 617/2463/630 616/2464/630
f 609/2465/631 610/2466/631 618/2467/631 617/2468/631
f 610/2469/632 611/2470/632 619/2471/632 618/2472/632
f 611/2473/633 612/2474/633 620/2475/633 619/2476/633
f 612/2477/634 605/2478/634 613/2479/634 620/2480/634
f 613/2481/635 614/2482/635 622/2483/635 621/2484/635
f 614/2485/636 615/2486/636 623/2487/636 622/2488/636
f 615/2489/637 616/2490/637 624/2491/637 623/2492/637
f 616/2493/638 617/2494/638 625/2495/638 624/2496/638
f 617/2497/639 618/2498/639 626/2499/639 625/2500/639
f 618/2501/640 619/2502/640 627/2503/640 626/2504/640
f 619/2505/641 620/2506/641 628/2507/641 627/2508/641
f 620/2509/642 613/2510/642 621/2511/642 628/2512/642
f 621/2513/643 622/2514/643 630/2515/643 629/2516/643
f 622/2517/644 623/2518/644 631/2519/644 630/2520/644
f 623/2521/645 624/2522/645 632/2523/645 631/2524/645
f 624/2525/646 625/2526/646 633/2527/646 632/2528/646
f 625/2529/647 626/2530/647 634/2531/647 633/2532/647
f 626/2533/648 627/2534/648 635/2535/648 634/2536/648
f 627/2537/649 628/2538/649 636/2539/649 635/2540/649
f 628/2541/650 621/2542/650 629/2543/650 636/2544/650
f 629/2545/651 630/2546/651 638/2547/651 637/2548/651
f 630/2549/652 631/2550/652 639/2551/652 638/2552/652
f 631/2553/653 632/2554/653 640/2555/653 639/2556/653
f 632/2557/654 633/2558/654 641/2559/654 640/2560/654
f 633/2561/655 634/2562/655 642/2563/655 641/2564/655
f 634/2565/656 635/2566/656 643/2567/656 642/2568/656
f 635/2569/657 636/2570/657 644/2571/657 643/2572/657
f 636/2573/658 629/2574/658 637/2575/658 644/2576/658
f 637/2577/659 638/2578/659 646/2579/659 645/2580/659
f 638/2581/660 639/2582/660 647/2583/660 646/2584/660
f 639/2585/661 640/2586/661 648/2587/661 647/2588/661
f 640/2589/662 641/2590/662 649/2591/662 648/2592/662
f 641/2593/663 642/2594/663 650/2595/663 649/2596/663
f 642/2597/664 643/2598/664 651/2599/664 650/2600/664
f 643/2601/665 644/2602/665 652/2603/665 651/2604/665
f 644/2605/666 637/2606/666 645/2607/666 652/2608/666
f 645/2609/667 646/2610/667 558/2611/667 557/2612/667
f 646/2613/668 647/2614/668 559/2615/668 558/2616/668
f 647/2617/669 648/2618/669 560/2619/669 559/2620/669
f 648/2621/670 649/2622/670 561/2623/670 560/2624/670
f 649/2625/671 650/2626/671 562/2627/671 561/2628/671
f 650/2629/672 651/2630/672 563/2631/672 562/2632/672
f 651/2633/673 652/2634/673 564/2635/673 563/2636/673
f 652/2637/674 645/2638/674 557/2639/674 564/2640/674
f 653/2641/675 654/2642/675 662/2643/675 661/2644/675
f 654/2645/676 655/2646/676 663/2647/676 662/2648/676
f 655/2649/677 656/2650/677 664/2651/677 663/2652/677
f 656/2653/678 657/2654/678 665/2655/678 664/2656/678
f 657/2657/679 658/2658/679 666/2659/679 665/2660/679
f 658/2661/680 659/2662/680 667/2663/680 666/2664/680
f 659/2665/681 660/2666/681 668/2667/681 667/2668/681
f 660/2669/682 653/2670/682 661/2671/682 668/2672/682
f 661/2673/683 662/2674/683 670/2675/683 669/2676/683
f 662/2677/684 663/2678/684 671/2679/684 670/2680/684
f 663/2681/685 664/2682/685 672/2683/685 671/2684/685
f 664/2685/686 665/2686/686 673/2687/686 672/2688/686
f 665/2689/687 666/2690/687 674/2691/687 673/2692/687
f 666/2693/688 667/2694/688 675/2695/688 674/2696/688
f 667/2697/689 668/2698/689 676/2699/689 675/2700/689
f 668/2701/690 661/2702/690 669/2703/690 676/2704/690
f 669/2705/691 670/2706/691 678/2707/691 677/2708/691
f 670/2709/692 671/2710/692 679/2711/692 678/2712/692
f 671/2713/693 672/2714/693 680/2715/693 679/2716/693
f 672/2717/694 673/2718/694 681/2719/694 680/2720/694
f 673/2721/695 674/2722/695 682/2723/695 681/2724/695
f 674/2725/696 675/2726/696 683/2727/696 682/2728/696
f 675/2729/697 676/2730/697 684/2731/697 683/2732/697
f 676/2733/698 669/2734/698 677/2735/698 684/2736/698
f 677/2737/699 678/2738/699 686/2739/699 685/2740/699
f 678/2741/700 679/2742/700 687/2743/700 686/2744/700
f 679/2745/701 680/2746/701 688/2747/701 687/2748/701
f 680/2749/702 681/2750/702 689/2751/702 688/2752/702
f 681/2753/703 682/2754/703 690/2755/703 689/2756/703
f 682/2757/704 683/2758/704 691/2759/704 690/2760/704
f 683/2761/705 684/2762/705 692/2763/705 691/2764/705
f 684/2765/706 677/2766/706 685/2767/706 692/2768/706
f 685/2769/707 686/2770/707 694/2771/707 693/2772/707
f 686/2773/708 687/2774/708 695/2775/708 694/2776/708
f 687/2777/709 688/2778/709 696/2779/709 695/2780/709
f 688/2781/710 689/2782/710 697/2783/710 696/2784/710
f 689/2785/711 690/2786/711 698/2787/711 697/2788/711
f 690/2789/712 691/2790/712 699/2791/712 698/2792/712
f 691/2793/713 692/2794/713 700/2795/713 699/2796/713
f 692/2797/714 685/2798/714 693/2799/714 700/2800/714
f 693/2801/715 694/2802/715 702/2803/715 701/2804/715
f 694/2805/716 695/2806/716 703/2807/716 702/2808/716
f 695/2809/717 696/2810/717 704/2811/717 703/2812/717
f 696/2813/718 697/2814/718 705/2815/718 704/2816/718
f 697/2817/719 698/2818/719 706/2819/719 705/2820/719
f 698/2821/720 699/2822/720 707/2823/720 706/2824/720
f 699/2825/721 700/2826/721 708/2827/721 707/2828/721
f 700/2829/722 693/2830/722 701/2831/722 708/2832/722
f 701/2833/723 702/2834/723 710/2835/723 709/2836/723
f 702/2837/724 703/2838/724 711/2839/724 710/2840/724
f 703/2841/725 704/2842/725 712/2843/725 711/2844/725
f 704/2845/726 705/2846/726 713/2847/726 712/2848/726
f 705/2849/727 706/2850/727 714/2851/727 713/2852/727
f 706/2853/728 707/2854/728 715/2855/728 714/2856/728
f 707/2857/729 708/2858/729 716/2859/729 715/2860/729
f 708/2861/730 701/2862/730 709/2863/730 716/2864/730
f 709/2865/731 710/2866/731 718/2867/731 717/2868/731
f 710/2869/732 711/2870/732 719/2871/732 718/2872/732
f 711/2873/733 712/2874/733 720/2875/733 719/2876/733
f 712/2877/734 713/2878/734 721/2879/734 720/2880/734
f 713/2881/735 714/2882/735 722/2883/735 721/2884/735
f 714/2885/736 715/2886/736 723/2887/736 722/2888/736
f 715/2889/737 716/2890/737 724/2891/737 723/2892/737
f 716/2893/738 709/2894/738 717/2895/738 724/2896/738
f 717/2897/739 718/2898/739 726/2899/739 725/2900/739
f 718/2901/740 719/2902/740 727/2903/740 726/2904/740
f 719/2905/741 720/2906/741 728/2907/741 727/2908/741
f 720/2909/742 721/2910/742 729/2911/742 728/2912/742
f 721/2913/743 722/2914/743 730/2915/743 729/2916/743
f 722/2917/744 723/2918/744 731/2919/744 730/2920/744
f 723/2921/745 724/2922/745 732/2923/745 731/2924/745
f 724/2925/746 717/2926/746 725/2927/746 732/2928/746
f 725/2929/747 726/2930/747 734/2931/747 733/2932/747
f 726/2933/748 727/2934/748 735/2935/748 734/2936/748
f 727/2937/749 728/2938/749 736/2939/749 735/2940/749
f 728/2941/750 729/2942/750 737/2943/750 736/2944/750
f 729/2945/751 730/2946/751 738/2947/751 737/2948/751
f 730/2949/752 731/2950/752 739/2951/752 738/2952/752
f 731/2953/753 732/2954/753 740/2955/753 739/2956/753
f 732/2957/754 725/2958/754 733/2959/754 740/2960/754
f 733/2961/755 734/2962/755 742/2963/755 741/2964/755
f 734/2965/756 735/2966/756 743/2967/756 742/2968/756
f 735/2969/757 736/2970/757 744/2971/757 743/2972/757
f 736/2973/758 737/2974/758 745/2975/758 744/2976/758
f 737/2977/759 738/2978/759 746/2979/759 745/2980/759
f 738/2981/760 739/2982/760 747/2983/760 746/2984/760
f 739/2985/761 740/2986/761 748/2987/761 747/2988/761
f 740/2989/762 733/2990/762 741/2991/762 748/2992/762
f 741/2993/763 742/2994/763 654/2995/763 653/2996/763
f 742/2997/764 743/2998/764 655/2999/764 654/3000/764
f 743/3001/765 744/3002/765 656/3003/765 655/3004/765
f 744/3005/766 745/3006/766 657/3007/766 656/3008/766
f 745/3009/767 746/3010/767 658/3011/767 657/3012/767
f 746/3013/768 747/3014/768 659/3015/768 658/3016/768
f 747/3017/769 748/3018/769 660/3019/769 659/3020/769
f 748/3021/770 741/3022/770 653/3023/770 660/3024/770
